# data-centres-gb	unix	entry_lines	entries	sha12	tree12
1788218742	5286	33	f9f47286fae6	5424e0905060
1787942743	5214	32	c5dfdee3ba5d	7a6ae41f8092
1787936637	5050	31	6ca69145d886	9097687be8a9
1787933246	5049	31	76cd675d8472	0d718bc59ebc
1787931822	4519	26	fc0967632ec9	5701c41a7b35
1787911466	3512	22	0f4e8ac8bdb9	a25c73dbffae
1787910780	12435	35	b2be24b3673a	79eee745d899
1787857454	2406	14	995c1829a33c	ca2e4a612eb2
1787851620	2865	16	432864748d3a	22f6664fc234
1787849462	2237	13	7e98a64801b9	81b5b8c1a086
1785326505	573	6	0939e3c735f4	b653bffd7228
1785325363	470	5	2071c620fde7	ff99f607a781
1785325350	439	4	cf22d7be33c1	80006c6ac56f
1785325341	418	3	c15a8bc8c974	0aa874b2c649
1785325332	413	2	9263635bd8bb	5316552c09d4
1785325290	147	1	c7ccf2ffd3b3	755ad56777e1
