# app	commit
gridatlas	01466ce9c08e
gridatlas	01e64d347977
gridatlas	01f57953b6fc
gridatlas	029fd0c01a74
gridatlas	03ac1fd5b094
gridatlas	040132c0727b
gridatlas	04727c68f41b
gridatlas	05a63d8f52d7
gridatlas	05b8eee76584
gridatlas	067a5f082aa8
gridatlas	06e0a1444caf
gridatlas	0740986bf50c
gridatlas	08be4d3dd3db
gridatlas	0abae4ecce1b
gridatlas	0bcd96846442
gridatlas	0e25e3b6b590
gridatlas	0ea9ba168828
gridatlas	0eab5c2f3832
gridatlas	100d206147d6
gridatlas	101a626a2df2
gridatlas	118923a05584
gridatlas	14d563615bc7
gridatlas	159346d2669c
gridatlas	18cffd516db0
gridatlas	19588c2dbae4
gridatlas	1af10cd91a9d
gridatlas	1b1740d5e051
gridatlas	1b29994a832a
gridatlas	1c06975d274a
gridatlas	1cbc3a2962db
gridatlas	1fb6262e2ab5
gridatlas	2051b8e3e4c2
gridatlas	262864b6343a
gridatlas	270d6cf400a5
gridatlas	2787c8adf122
gridatlas	2890e343a7b6
gridatlas	28c1f6515121
gridatlas	2a3a7e8d8377
gridatlas	2bb9d49b373a
gridatlas	2c944489a9d6
gridatlas	2d616e417dd0
gridatlas	2d8cc7bacf80
gridatlas	2db62dcf084f
gridatlas	2e5879fc56e5
gridatlas	2ffc777d8441
gridatlas	3220f71339e6
gridatlas	3235a34d1a2f
gridatlas	32ba6b058d1d
gridatlas	34d1a4388d09
gridatlas	3506bfb2b4d2
gridatlas	354f0616f168
gridatlas	37a97cee34bb
gridatlas	380c7ea8ceab
gridatlas	397498365492
gridatlas	39c50aafe8cb
gridatlas	3b2184f19ff8
gridatlas	3e2d49d5037f
gridatlas	3e7982feca05
gridatlas	405d637ee9d9
gridatlas	407df152d3e7
gridatlas	418f207abc50
gridatlas	443b2683e5b5
gridatlas	4486c6bee2d0
gridatlas	479d3a162116
gridatlas	48a2b9e0aa0d
gridatlas	4998710b29cb
gridatlas	4a17fa3a48b2
gridatlas	4b3fd52d0b48
gridatlas	4db1e955f08f
gridatlas	4dfc0ac5c389
gridatlas	4ef118886cbe
gridatlas	515b5189e37d
gridatlas	51e8e11f48d8
gridatlas	52743f04c1b0
gridatlas	529790fcad9c
gridatlas	52e75641961c
gridatlas	52ebabc231bd
gridatlas	532a9ce93974
gridatlas	54438ef9e07f
gridatlas	54b622b7d230
gridatlas	5634beb939b6
gridatlas	56e41c67c925
gridatlas	58018b2f26fc
gridatlas	59363f22c166
gridatlas	5a4960bb67ee
gridatlas	5a509b874715
gridatlas	5a59e711bfdf
gridatlas	5a8ab329303a
gridatlas	5adbbf72692c
gridatlas	5b1f0af5ff26
gridatlas	5c013cdbf323
gridatlas	5c41ec49db66
gridatlas	5cb95611bae0
gridatlas	5cd17bfb75c9
gridatlas	5d073992b252
gridatlas	5d45c45f59a4
gridatlas	5e7ea9fa7deb
gridatlas	60a393f093b4
gridatlas	60d193827d33
gridatlas	60e0945fcca1
gridatlas	611e688cdae5
gridatlas	6158558788e8
gridatlas	633aa32dba0c
gridatlas	64268fd06a0d
gridatlas	64320b54216b
gridatlas	64db4629925a
gridatlas	652e1107852f
gridatlas	655be6c81fde
gridatlas	65786ae27beb
gridatlas	6591db5ec81f
gridatlas	66b445b90800
gridatlas	6769f9038a1c
gridatlas	685d0e88bb5f
gridatlas	69539e4c4474
gridatlas	69b866a70051
gridatlas	6b9657eb003b
gridatlas	6d2bad3c7bd0
gridatlas	6d77a92688c0
gridatlas	6ea60f61874b
gridatlas	6fe92d80e6ff
gridatlas	703337bb927e
gridatlas	733a16284570
gridatlas	73744dba75f3
gridatlas	73ad1bde4261
gridatlas	77789ea33bed
gridatlas	7910d92d0f44
gridatlas	79e81d30a518
gridatlas	79f64a0920aa
gridatlas	7a51609ae5f5
gridatlas	7b385ebb7bd9
gridatlas	7e2295f28fef
gridatlas	7e3bdcbdab58
gridatlas	7f9dd3deeb8e
gridatlas	809dc91e4c3a
gridatlas	8384ebe9a5bd
gridatlas	8448ec008cb7
gridatlas	85497f8d7fe1
gridatlas	8a8161ee7e11
gridatlas	8bdedfc488d3
gridatlas	8bf707cabb37
gridatlas	8e017d5e239e
gridatlas	8e10c3fad897
gridatlas	8fb95a213801
gridatlas	8fe77a54d35f
gridatlas	8fe97862ff58
gridatlas	9028585cccee
gridatlas	90ae0597c788
gridatlas	92a79161659f
gridatlas	93c13cf3d7d5
gridatlas	957b2ed73167
gridatlas	9593f0aaefbf
gridatlas	9649123718a3
gridatlas	96d70a52b070
gridatlas	9750dc915f95
gridatlas	97d3ffca580b
gridatlas	98dd908954c4
gridatlas	9a0e62fedd0a
gridatlas	9ba23a4a80f5
gridatlas	9c1ed59f3d61
gridatlas	9e558fa21390
gridatlas	a219ad7a9db2
gridatlas	a21bfb9d4f4e
gridatlas	a342de44033e
gridatlas	a7c176851eff
gridatlas	a7fd7d2d9a4d
gridatlas	a87aabde98d9
gridatlas	a999d3299807
gridatlas	ab80d45be05e
gridatlas	ac810d61f3cc
gridatlas	ad666b939845
gridatlas	adbfac5038c6
gridatlas	adce6eb36122
gridatlas	ae4ca33caa19
gridatlas	b09ee3b640c0
gridatlas	b19a395b9489
gridatlas	b38eb115cc36
gridatlas	b4227c5010db
gridatlas	b4b1d22f7da1
gridatlas	b608de2665f6
gridatlas	b6c4316cc08a
gridatlas	b73247803377
gridatlas	b78ad809226b
gridatlas	b7a40d1f881a
gridatlas	b810febea442
gridatlas	b821c7ecf2d8
gridatlas	b84e8b2ff9c3
gridatlas	b9b44509514b
gridatlas	baacdb506152
gridatlas	bb2a160980bd
gridatlas	bb88b8b5d387
gridatlas	bb8f07ae8afb
gridatlas	bb9d84f014ab
gridatlas	bca2ddf42fa8
gridatlas	be5f4fb22d43
gridatlas	bfc0475ddacc
gridatlas	c12d7d4d0343
gridatlas	c201cc7f2a7b
gridatlas	c2896f5586ff
gridatlas	c2f6faded146
gridatlas	c44ba11d2426
gridatlas	c4a39f87b1e8
gridatlas	c5b474e360a7
gridatlas	c72faf1f81ec
gridatlas	c9f7a8218fa3
gridatlas	cbba326b8c76
gridatlas	cbfac7b55866
gridatlas	cc809cbbc107
gridatlas	ccf675d40741
gridatlas	cd3dd12ef7ac
gridatlas	cef7b8fd8b6e
gridatlas	d02c76bbc523
gridatlas	d20437ee7c9b
gridatlas	d22bc51dd168
gridatlas	d28d3c455b00
gridatlas	d475608c51c4
gridatlas	d594c1e42157
gridatlas	d5da5c89ff8a
gridatlas	d70e63031667
gridatlas	dacc0abfdaac
gridatlas	daf6b8dfb7fa
gridatlas	db25053bce63
gridatlas	db329951285f
gridatlas	db371ec7e60f
gridatlas	db38dfe0811c
gridatlas	db5338bf9613
gridatlas	dccd741f1d24
gridatlas	dcee800987c6
gridatlas	dd0d89c4ef7d
gridatlas	de19d2c617c2
gridatlas	de935df55ab6
gridatlas	deb51f868308
gridatlas	dfa3d3875a39
gridatlas	dfc672265789
gridatlas	e001227eb2be
gridatlas	e13c7544e599
gridatlas	e17e4fc23328
gridatlas	e23aa02fd647
gridatlas	e25d8f951db7
gridatlas	e38928b63275
gridatlas	e42fde314cd1
gridatlas	e4ddf43249d2
gridatlas	e5350a0a1ff2
gridatlas	e5ad420a363a
gridatlas	e76264c19d17
gridatlas	e805522ef7d5
gridatlas	e887eeeeb316
gridatlas	e891ea6c21ee
gridatlas	e9491b6e4ed4
gridatlas	eb50a0f878cb
gridatlas	ece848117a6d
gridatlas	eee5d66e91a8
gridatlas	ef3361840fd3
gridatlas	ef5fe97cc186
gridatlas	f0059af1025b
gridatlas	f013aa43824f
gridatlas	f0c29ab0ce31
gridatlas	f1418572a98b
gridatlas	f1b31a9784cb
gridatlas	f1daff8378df
gridatlas	f1f430db7d0d
gridatlas	f3ba7a31b5bb
gridatlas	f417f17e4849
gridatlas	f462fa98a55d
gridatlas	f4b926a86e45
gridatlas	f4c2baf7c903
gridatlas	f70a4a6a3fd8
gridatlas	fb8dc54c7f4c
gridatlas	fc649768961c
gridatlas	fcb7e241963e
gridatlas	fcc46125e360
gridatlas	fce6a2b304f7
gridatlas	fdb3503ef666
gridatlas	ffd15b01b13c
pipelinenews	002d18127521
pipelinenews	00737ad782ba
pipelinenews	0081e3973519
pipelinenews	00a7585afde5
pipelinenews	01a59344127b
pipelinenews	02f25672a49e
pipelinenews	049bdf0421dc
pipelinenews	04d81c159e2a
pipelinenews	05106b3cc280
pipelinenews	051a57175794
pipelinenews	05797d51238e
pipelinenews	05929aa93363
pipelinenews	05ad62ead902
pipelinenews	05f946eec9fe
pipelinenews	060c5b69448a
pipelinenews	0622ce504ed7
pipelinenews	074e23a3d5b8
pipelinenews	07f0f03c8eac
pipelinenews	09ad5a68efac
pipelinenews	0a161cdf6f2c
pipelinenews	0acdff8dba73
pipelinenews	0bc5efd53ae4
pipelinenews	0d96ad57098d
pipelinenews	0e8f114c223c
pipelinenews	0fff06fb3c13
pipelinenews	1133183db122
pipelinenews	118d97224875
pipelinenews	12ae54cae39c
pipelinenews	13c71917fc2f
pipelinenews	1412be5c4e9e
pipelinenews	141a0e829051
pipelinenews	150292d55f56
pipelinenews	15233b0521b5
pipelinenews	152f7b79a48c
pipelinenews	1722ac99aee0
pipelinenews	173b26f9225f
pipelinenews	17987c66fd20
pipelinenews	17b86db1549e
pipelinenews	180e6302c7a7
pipelinenews	187ed63c1e35
pipelinenews	190985426da7
pipelinenews	1a39e3440495
pipelinenews	1a9868e76f97
pipelinenews	1baad84af2bb
pipelinenews	1bc0679df016
pipelinenews	1bd8d3b55c35
pipelinenews	1c925506a200
pipelinenews	1cb48368b671
pipelinenews	1cbe1a9b205a
pipelinenews	1d36639c31e2
pipelinenews	1d8869869014
pipelinenews	1ee5f95ffe76
pipelinenews	1f145fe9676e
pipelinenews	1f66eeb561e4
pipelinenews	1fb5ac952294
pipelinenews	20514b74172e
pipelinenews	2161c908d0c0
pipelinenews	2212d539c013
pipelinenews	222b8217e8ae
pipelinenews	22dbf1b98659
pipelinenews	2390a5411c49
pipelinenews	23ee4b935884
pipelinenews	24eda035c56f
pipelinenews	250cce12c53d
pipelinenews	252fa34132ea
pipelinenews	2592a366c1fe
pipelinenews	259ed4866ea1
pipelinenews	25f03422d12e
pipelinenews	2642cc18261b
pipelinenews	2695e4b1836b
pipelinenews	26efe88f1fed
pipelinenews	270f069182d2
pipelinenews	276f4a864938
pipelinenews	2786ff76e0da
pipelinenews	29277b5d3bd8
pipelinenews	29389e1bb1e0
pipelinenews	2acf848e916e
pipelinenews	2ae7a6920aa5
pipelinenews	2aea6a0ef9df
pipelinenews	2b5f0a05300a
pipelinenews	2c9e4d0b4210
pipelinenews	2d3defc5a111
pipelinenews	2dc0acca34d4
pipelinenews	2dd56525a3a2
pipelinenews	2de4f2ea802e
pipelinenews	2e1c172c6a03
pipelinenews	2f315c08ec3f
pipelinenews	2f5e476f4614
pipelinenews	2fe9b43f9499
pipelinenews	2feaa4a1d4f0
pipelinenews	3092b71152ea
pipelinenews	30c625efe839
pipelinenews	30c8e3a83456
pipelinenews	314164ba7a1c
pipelinenews	31bf232b5eec
pipelinenews	3271ba256795
pipelinenews	327df89255f1
pipelinenews	33253d289393
pipelinenews	3335fe6f47ae
pipelinenews	3493be1c4ebf
pipelinenews	34ddbd27b3dd
pipelinenews	350f1b51beb3
pipelinenews	35cecead15a1
pipelinenews	35f35ada1612
pipelinenews	36316df6bb8a
pipelinenews	36938c572a5e
pipelinenews	369adf513df1
pipelinenews	3720eeea7be2
pipelinenews	3724c9d1f93d
pipelinenews	37cbca110d0b
pipelinenews	383ee7653e50
pipelinenews	3861fb9b46bb
pipelinenews	38fb12d60d31
pipelinenews	3926a8a850ae
pipelinenews	398067838604
pipelinenews	3a0479f0a5d5
pipelinenews	3b4b042c20fb
pipelinenews	3b865588ce17
pipelinenews	3c47a2e2af21
pipelinenews	3ce1b8bba2f2
pipelinenews	3d4184ff500c
pipelinenews	3dc5e71d64f2
pipelinenews	3df06f5f70ad
pipelinenews	3e0d1ed37861
pipelinenews	3e1171c9490c
pipelinenews	3e377a34bb39
pipelinenews	3e74fb186063
pipelinenews	3e9b7841df3e
pipelinenews	3f25f0c4ac20
pipelinenews	3f28be976960
pipelinenews	3fa44322a3e9
pipelinenews	4077471ad686
pipelinenews	4146a4b08b43
pipelinenews	41d9ef693f8b
pipelinenews	41dc7a1be20b
pipelinenews	41e3f3e05684
pipelinenews	423658401361
pipelinenews	42404857681b
pipelinenews	42cdd7bda265
pipelinenews	4511958e6e18
pipelinenews	458458734bf5
pipelinenews	458b8bf040e9
pipelinenews	4629b3f8eab2
pipelinenews	46f0d310ed52
pipelinenews	46fd65f76c8b
pipelinenews	47a99b093167
pipelinenews	48d60afa3517
pipelinenews	4909d4b1f8d2
pipelinenews	49344ff07d82
pipelinenews	4980096b57cb
pipelinenews	4a3cda8ea3eb
pipelinenews	4a5a5c05d89a
pipelinenews	4a693dbe859d
pipelinenews	4b0b2b99bf0e
pipelinenews	4bae1f1ff9b3
pipelinenews	4be3dfbe93ac
pipelinenews	4e2906b76732
pipelinenews	4ea24a9a2aaa
pipelinenews	4ede23117490
pipelinenews	4f70c27e0960
pipelinenews	4fc83af4a617
pipelinenews	4fe02d021e8c
pipelinenews	51442d6cdda0
pipelinenews	52095f8dae8e
pipelinenews	52cf15491910
pipelinenews	538d313d80d4
pipelinenews	541f41d970d0
pipelinenews	548c30210a63
pipelinenews	54e8f65965f6
pipelinenews	55031ab8e283
pipelinenews	55ed868edfab
pipelinenews	5744bd2be00a
pipelinenews	5872eb421ab1
pipelinenews	58ca361c9212
pipelinenews	59a75eb4c3db
pipelinenews	59c2acabaa92
pipelinenews	5a733a36a12c
pipelinenews	5a751fc6682e
pipelinenews	5ab716b52813
pipelinenews	5b2e9686d558
pipelinenews	5b810c2520f1
pipelinenews	5c2cbe3d410b
pipelinenews	5d8b2ae49cdb
pipelinenews	5f8c8bdb53fe
pipelinenews	5f9b4c41f9fa
pipelinenews	5fc4accc72e7
pipelinenews	603947ec164e
pipelinenews	60573a82e1e9
pipelinenews	609b841e9592
pipelinenews	60e0612d2311
pipelinenews	61260cc570a3
pipelinenews	61aaceaf96d8
pipelinenews	62ff1471f553
pipelinenews	63158a90d9ce
pipelinenews	649f517078d7
pipelinenews	6528be3637fa
pipelinenews	6566ded83e05
pipelinenews	65de351d1c21
pipelinenews	66ac579c33f1
pipelinenews	66b39726b3d0
pipelinenews	66bb873a9f78
pipelinenews	67155fdb39f5
pipelinenews	6752ca5e3cfd
pipelinenews	678a99033106
pipelinenews	67a490951e98
pipelinenews	680bf457b126
pipelinenews	684d556671e7
pipelinenews	68c5fb694187
pipelinenews	691175e257f4
pipelinenews	693ccda8e628
pipelinenews	6a5689ce708a
pipelinenews	6ab1ad7f32c4
pipelinenews	6abcca457f19
pipelinenews	6ae34fb99595
pipelinenews	6b2fe424ce26
pipelinenews	6b3154936321
pipelinenews	6b4179084469
pipelinenews	6b7890df55d3
pipelinenews	6be8d21567e9
pipelinenews	6c403c2f4719
pipelinenews	6d5ef4ba3aab
pipelinenews	6db266180427
pipelinenews	6e30dc00765c
pipelinenews	6e4022690538
pipelinenews	6e64319d6ee5
pipelinenews	6ec3dbcf8704
pipelinenews	6f1b808fdb72
pipelinenews	704a3c247ae5
pipelinenews	706cda5c2517
pipelinenews	7084c21e6b2b
pipelinenews	70c2af593abe
pipelinenews	70f3b9d790fc
pipelinenews	710a7db2ba80
pipelinenews	71890499de46
pipelinenews	71ea25034166
pipelinenews	721c4ae3296a
pipelinenews	7249340333f2
pipelinenews	729c2601bb24
pipelinenews	72c043886c8f
pipelinenews	72efb55082d8
pipelinenews	73319cc9138a
pipelinenews	733cc5fe5e3f
pipelinenews	73d261f9cfd6
pipelinenews	73fd67c692ad
pipelinenews	74328052ff63
pipelinenews	74a6fb73d6a7
pipelinenews	759f77b78e98
pipelinenews	75a0cc9b1744
pipelinenews	761128c7fec4
pipelinenews	76ed105d5da6
pipelinenews	77237423c97b
pipelinenews	77b7438b6846
pipelinenews	77bda8c3809d
pipelinenews	78fbd42b9e8a
pipelinenews	792df70f01fa
pipelinenews	798749183d71
pipelinenews	799bb304d387
pipelinenews	79ebacae9efa
pipelinenews	79fc7576c76e
pipelinenews	7b07b139f8e9
pipelinenews	7c1e18837694
pipelinenews	7c40695e3470
pipelinenews	7d22c82e21d7
pipelinenews	7d4474e35180
pipelinenews	7dbf55dc578f
pipelinenews	7df51f3412b7
pipelinenews	7e3193a76aec
pipelinenews	7ecb40558391
pipelinenews	7f799df7f85c
pipelinenews	802d991bffa2
pipelinenews	80e49bd57413
pipelinenews	81ca994c0828
pipelinenews	81ef5364b86d
pipelinenews	822686ed7559
pipelinenews	825e4b21085f
pipelinenews	83ae84ef8774
pipelinenews	83bbb22bd524
pipelinenews	83c0ea63ffc8
pipelinenews	83d9c430b283
pipelinenews	84089920e6d0
pipelinenews	84b8a5317738
pipelinenews	862a5c6bd0b3
pipelinenews	8648067694b8
pipelinenews	87183e0cf6e7
pipelinenews	884464980ef6
pipelinenews	88f071bed649
pipelinenews	88fee60cca8b
pipelinenews	8960a1635d49
pipelinenews	8abae5bd925f
pipelinenews	8c3d9443f175
pipelinenews	8cb0d4a496c8
pipelinenews	8cfa6c66ccea
pipelinenews	8d6566821d3f
pipelinenews	8d850b1484e5
pipelinenews	8d965b435894
pipelinenews	8e20fd144e69
pipelinenews	90bd969b71dd
pipelinenews	91ee2a1600f2
pipelinenews	9204e70668a3
pipelinenews	9275f544ce1c
pipelinenews	92985c76eaa4
pipelinenews	92a69adc9087
pipelinenews	92c556771e96
pipelinenews	93553676ef58
pipelinenews	937b8c019074
pipelinenews	93afd306bb7e
pipelinenews	94f9d86415e3
pipelinenews	959fa5156f15
pipelinenews	95eb10c58641
pipelinenews	96b2589d79e9
pipelinenews	9813e5df6cc8
pipelinenews	9819e1a86751
pipelinenews	9937d1efee29
pipelinenews	996a8f679107
pipelinenews	9b6f05cff946
pipelinenews	9b724fde775c
pipelinenews	9b7326200503
pipelinenews	9ba6e89b8b81
pipelinenews	9c707fe794a0
pipelinenews	9cd7e99f94d7
pipelinenews	9d2f9df0e5da
pipelinenews	9d44e36e9283
pipelinenews	9d6e1b561827
pipelinenews	9e402c8a8d6d
pipelinenews	9ebee283d5fc
pipelinenews	9f2e3192cfeb
pipelinenews	9ffb4f3df8a1
pipelinenews	9ffdb64fca4d
pipelinenews	a05ac7184ab5
pipelinenews	a101a2a47e90
pipelinenews	a10b28714825
pipelinenews	a118dcaf5709
pipelinenews	a14520b71347
pipelinenews	a1516f23a2f8
pipelinenews	a18ef689d706
pipelinenews	a19d37d20bd6
pipelinenews	a1ca8f9155f0
pipelinenews	a2259bf3c8a9
pipelinenews	a2376bec1ed9
pipelinenews	a2c92267a2c3
pipelinenews	a30b9e457fe4
pipelinenews	a33bfa8f1419
pipelinenews	a38ea967a937
pipelinenews	a4d40759b2ab
pipelinenews	a51f8128c5aa
pipelinenews	a539bb99b771
pipelinenews	a559e2fa3b98
pipelinenews	a56a7e55768c
pipelinenews	a65aab5c38ef
pipelinenews	a67ff156d562
pipelinenews	a6d3e6e09904
pipelinenews	a6d79906d00e
pipelinenews	a7706f00d993
pipelinenews	a78820770b6b
pipelinenews	a855ffe41d99
pipelinenews	a913869efd36
pipelinenews	aa9d01f9fd42
pipelinenews	aac03e61cf4a
pipelinenews	aacaa0a76a90
pipelinenews	ab093820a819
pipelinenews	acafb54c6b44
pipelinenews	acc130952917
pipelinenews	ade103ae2a2e
pipelinenews	adf3f42da90e
pipelinenews	aea05bbab1a7
pipelinenews	aeb98274927f
pipelinenews	aee2d4405920
pipelinenews	b0484e37761c
pipelinenews	b06b4e627a76
pipelinenews	b09e2f3f1d75
pipelinenews	b0a94be0da15
pipelinenews	b0e317e06467
pipelinenews	b1e09fb9f2af
pipelinenews	b21305c5d5df
pipelinenews	b2545f7b6872
pipelinenews	b38a2d04185b
pipelinenews	b4b829148d26
pipelinenews	b4c446aa6f0b
pipelinenews	b4d97c26ac33
pipelinenews	b510db55cd54
pipelinenews	b5a90b43c826
pipelinenews	b5b27dc2b5e2
pipelinenews	b5cddf0ffc26
pipelinenews	b6a2b4417993
pipelinenews	b6fc3ca759a1
pipelinenews	b756735d9593
pipelinenews	b7906769e7c3
pipelinenews	b895fa31b606
pipelinenews	b9e234473666
pipelinenews	ba8320126417
pipelinenews	ba85639f2408
pipelinenews	ba8dfcbd3955
pipelinenews	bab117e4bff0
pipelinenews	badc8bece80c
pipelinenews	bb504b0f1bf4
pipelinenews	bb5105215114
pipelinenews	bb76e46268b1
pipelinenews	bb79688fa48d
pipelinenews	bc9de57e4de7
pipelinenews	bca2493c8bd4
pipelinenews	bcd1e1a868b4
pipelinenews	bce84eb32b74
pipelinenews	bcfb605af3a9
pipelinenews	bd00c9d3d247
pipelinenews	bdc6619fb098
pipelinenews	bef64ef27a5b
pipelinenews	bf5e87b73705
pipelinenews	bfe031193fba
pipelinenews	c000456750e9
pipelinenews	c001b7018f61
pipelinenews	c0851db567a6
pipelinenews	c09393e72d84
pipelinenews	c15a19f0b7a3
pipelinenews	c16246a0383a
pipelinenews	c1c6b8c13d78
pipelinenews	c2a50838f680
pipelinenews	c313b144b488
pipelinenews	c3546f05bbb7
pipelinenews	c3d18599382b
pipelinenews	c44425225fde
pipelinenews	c50a7b20408e
pipelinenews	c651d7e50c8d
pipelinenews	c6f6ca02d842
pipelinenews	c7bd94e5569b
pipelinenews	c7dac701553f
pipelinenews	c83d9e574b0d
pipelinenews	c88ab916df79
pipelinenews	c909d37911c8
pipelinenews	c91e00c22d57
pipelinenews	ca62f4717188
pipelinenews	ca94afd242b9
pipelinenews	cb3ac848c4d4
pipelinenews	cc3dea806def
pipelinenews	cc4fa0fedc8d
pipelinenews	cd73d84e8079
pipelinenews	cd86016a8849
pipelinenews	cdac06b96af1
pipelinenews	cdb1d6db0d29
pipelinenews	cdb8fe99f2b0
pipelinenews	cefe9ddc4956
pipelinenews	cf7737ed4095
pipelinenews	d08f13d12aba
pipelinenews	d1107e7847f4
pipelinenews	d11a5c92a28f
pipelinenews	d12c3988fe90
pipelinenews	d16b0ae0d7d5
pipelinenews	d19afda7e2f1
pipelinenews	d1b111ff6c6f
pipelinenews	d1c902efbbe6
pipelinenews	d1f573fb6421
pipelinenews	d2401f7d9c97
pipelinenews	d3eb38ece39d
pipelinenews	d520af36b51e
pipelinenews	d59b836bbc06
pipelinenews	d615d3225923
pipelinenews	d71ae014a777
pipelinenews	d7cb90b783fb
pipelinenews	da559edfc6e9
pipelinenews	da99c41278b7
pipelinenews	dad8e3762217
pipelinenews	db06dee21060
pipelinenews	db24cd6d590f
pipelinenews	db5526e03e39
pipelinenews	db87043b6418
pipelinenews	db9f7583b203
pipelinenews	dbac1eae88e3
pipelinenews	dde98ba674bd
pipelinenews	ddf5b92ac407
pipelinenews	de9615515b36
pipelinenews	df628c2ec078
pipelinenews	dffd226da360
pipelinenews	e0d3a715980d
pipelinenews	e12af1a451c2
pipelinenews	e26194cefff1
pipelinenews	e269aa0d67f8
pipelinenews	e2c7f01cd7f3
pipelinenews	e36a121ddc41
pipelinenews	e3ec7bf061a5
pipelinenews	e3f535d45eb3
pipelinenews	e42a34f2c36e
pipelinenews	e5c3efa62d30
pipelinenews	e6205f02ff34
pipelinenews	e67a54602b2f
pipelinenews	e6860e4f667f
pipelinenews	e690319bcce3
pipelinenews	e741ceb2fd82
pipelinenews	e78190022033
pipelinenews	e7b5a75d2f64
pipelinenews	e80e9576dcc2
pipelinenews	e894eeb54dc8
pipelinenews	e9749cf9c764
pipelinenews	e9955fc3e596
pipelinenews	e9aef6fbf84d
pipelinenews	ea6d52c70190
pipelinenews	eb2da9b8678d
pipelinenews	ec3e77d405e2
pipelinenews	ed03159286b0
pipelinenews	ed308a324c62
pipelinenews	eeb447d0af9c
pipelinenews	eef95fb555d7
pipelinenews	efb660335401
pipelinenews	f16d6b54283e
pipelinenews	f1ba4cf04442
pipelinenews	f1da51f1e9ed
pipelinenews	f3a2ea8c1c45
pipelinenews	f3c396ad1545
pipelinenews	f4218907f758
pipelinenews	f467febc6ba5
pipelinenews	f4a3acbf02b3
pipelinenews	f4a5a1a9293a
pipelinenews	f4ba058e71a6
pipelinenews	f4bc02a06fd5
pipelinenews	f5056035f6c6
pipelinenews	f5225e455920
pipelinenews	f64c627f9fce
pipelinenews	f721899b5d9f
pipelinenews	f8ffbd80af5b
pipelinenews	f9537f30b407
pipelinenews	fa4d73cbc9e7
pipelinenews	fa58df4e1190
pipelinenews	fa63752baa9b
pipelinenews	fa670440f665
pipelinenews	fabd90597741
pipelinenews	face8634f5e7
pipelinenews	fbe870398530
pipelinenews	fbfdb5252c26
pipelinenews	fc4e02bdae5f
pipelinenews	fe92384187f7
pipelinenews	ff2a9d4f9933
spider	027da303d05a
spider	03cb6ff2ecfd
spider	13a69ee2a5a9
spider	2374c43f76e2
spider	23bc10acb5fb
spider	2d8bb4ec399c
spider	2e36dbf4d796
spider	303640f6d2d4
spider	30efa2bab228
spider	3b7cc6f161d7
spider	3e5ef4f9ff25
spider	3ebd067ef984
spider	41c2358a9061
spider	491419343e63
spider	53b6d34b881b
spider	5634e5c11d41
spider	5ea3daa174bb
spider	5fab7e32a553
spider	5fb5e13de6d0
spider	6125149b8ad3
spider	62269fefd912
spider	67c19168aa67
spider	68ec84fc244e
spider	742b98818d16
spider	79188e5afb31
spider	83829efe654f
spider	91659bb65976
spider	979f45ed55ff
spider	a46376d6c839
spider	a612e998448e
spider	a867d2796997
spider	b63869d4066f
spider	b642f4ce54eb
spider	ba78b600f300
spider	baaafc842bec
spider	cabe3bf33ca2
spider	d1b43192f790
spider	da47c2a1e50e
spider	e1337125db5a
spider	e3deb3d0546c
spider	e7520b468152
spider	e8442b3dd5ea
spider	e8acdf0035cd
spider	f540f3b48256
spider	f819e5ad3925
spider	f9135f1f1d50
periodic-table	00c5d1f237b6
periodic-table	014aa5fc92fb
periodic-table	04790ac9fa77
periodic-table	05a2e55a3444
periodic-table	071c7f3c2510
periodic-table	08b5b8cc06f8
periodic-table	08f9d6995832
periodic-table	0be76a053866
periodic-table	0c6719ebd568
periodic-table	11f9ae09a982
periodic-table	1378a86afc0e
periodic-table	137b2d83ddcb
periodic-table	13891244a64f
periodic-table	143ff76f7efd
periodic-table	152b11bbbf2d
periodic-table	15667ee5bdd5
periodic-table	199badb34dd1
periodic-table	19c8e2b2d89c
periodic-table	1a53b23c47ae
periodic-table	1aa69a61cfc0
periodic-table	1b5310344933
periodic-table	1b6d9294985e
periodic-table	1c46a7fac13d
periodic-table	1c4e19676b95
periodic-table	1cb851c0a068
periodic-table	1f017d6823e8
periodic-table	1f517c01c579
periodic-table	1f9c200f41b6
periodic-table	20581bdb65ad
periodic-table	210618cebc93
periodic-table	2194126059df
periodic-table	22bd573d0922
periodic-table	232bad54b1ea
periodic-table	2368a1d72a42
periodic-table	24e96442e4f1
periodic-table	2a9ba086665f
periodic-table	2bd916f6b99e
periodic-table	2c81895083ee
periodic-table	2d6128171ec6
periodic-table	2e0059f97093
periodic-table	2e1923803ee9
periodic-table	30b0a4d75a99
periodic-table	321e08866795
periodic-table	33b139b0754e
periodic-table	3460f5990386
periodic-table	34bca010bb49
periodic-table	34c8b25ee783
periodic-table	36cbd875528f
periodic-table	3826fa198762
periodic-table	3c3533fba3d0
periodic-table	3d191c996f1f
periodic-table	3fc70fabf99d
periodic-table	432f29538611
periodic-table	44ea850daa9c
periodic-table	469ce34c738c
periodic-table	4735cf89188e
periodic-table	47eaa839b83b
periodic-table	48016a2fd02f
periodic-table	4863f917977d
periodic-table	4c21bbbe7942
periodic-table	4c377c65c399
periodic-table	4cc8bf29f62c
periodic-table	4d5195f889f1
periodic-table	4ec3a3d4de47
periodic-table	4f554fa7522a
periodic-table	50883769dd59
periodic-table	52b574a25f5b
periodic-table	58328c6b9b10
periodic-table	5879ebc11330
periodic-table	58b8d125fb69
periodic-table	5a8f6f6f3309
periodic-table	5d491d80804b
periodic-table	5ed441256c44
periodic-table	5f2a5d5eb0e8
periodic-table	5ffb05481a3f
periodic-table	60d2c83400d0
periodic-table	6128e2f9ad2b
periodic-table	6304dfbbe7f4
periodic-table	63587007edd7
periodic-table	646c7e430bd9
periodic-table	64cd5815ff02
periodic-table	6514865cbcc3
periodic-table	65247e0e2834
periodic-table	658feeb797a7
periodic-table	65acb31c198b
periodic-table	68f12567cf84
periodic-table	690209e43074
periodic-table	6a7803d3b6cf
periodic-table	6a887da6b38e
periodic-table	6ac6de9f7f44
periodic-table	6b18abb20b48
periodic-table	6e4589095734
periodic-table	6fbbba556361
periodic-table	71f5a6025fd8
periodic-table	7251935c0cca
periodic-table	748c442dc841
periodic-table	754b4857fbd7
periodic-table	754ee4993837
periodic-table	76859ca9a42e
periodic-table	768862df1bff
periodic-table	7754a2f0d9bb
periodic-table	7936e0a6c59a
periodic-table	7a03b54e7fda
periodic-table	7b7e1017d907
periodic-table	7bccea88c4ed
periodic-table	7e69fa026861
periodic-table	7f9490a5f6d8
periodic-table	80f494932d3a
periodic-table	820b60e5c613
periodic-table	825a8bc04e01
periodic-table	84042e223504
periodic-table	8428a4db7049
periodic-table	857d5ce18490
periodic-table	85f446453ea3
periodic-table	86efbcb8a5d4
periodic-table	8707f7ceee8a
periodic-table	873ae30d996a
periodic-table	880576872e65
periodic-table	8ad175eb6098
periodic-table	8afd8c9a4af3
periodic-table	8b12f6615c25
periodic-table	8c1a0f285a34
periodic-table	8f7d4605d8f0
periodic-table	9064b80a4cc7
periodic-table	91b500de5451
periodic-table	937450696135
periodic-table	95528e9a1f0a
periodic-table	967beeb84462
periodic-table	99cbdd479d70
periodic-table	9a435b018357
periodic-table	9a4eda1c643f
periodic-table	9af8cee728ff
periodic-table	9c43414a9bf0
periodic-table	9d6ab646b8e0
periodic-table	9d7f230806ed
periodic-table	9e76a32b09f5
periodic-table	9f0d405632a5
periodic-table	9f47f953b158
periodic-table	9fafda6c05a0
periodic-table	a04c81b0cc07
periodic-table	a2109d995ebe
periodic-table	a274b8613f4f
periodic-table	a2f3ee320a40
periodic-table	a4559a92430b
periodic-table	a5594e5c10c7
periodic-table	a5aae09e0abe
periodic-table	a73d25cc620f
periodic-table	a7712fdabedd
periodic-table	a94738cb6d70
periodic-table	a9f36a85d64a
periodic-table	ac181c4f7890
periodic-table	ac7ab79a58e5
periodic-table	acb0f0b2aac8
periodic-table	acea8b326396
periodic-table	ae5b0d832fe0
periodic-table	aea3ac9dbf8e
periodic-table	afd2d78d9dcf
periodic-table	b288971dd4c4
periodic-table	b327f734891f
periodic-table	b479747c6819
periodic-table	b6e1c5ab7a50
periodic-table	b7dab3160083
periodic-table	b845470fb0b5
periodic-table	be37cb2545bb
periodic-table	bf57aa93628d
periodic-table	c1735a729a3f
periodic-table	c4d84dbfe2b9
periodic-table	c57cf1512284
periodic-table	c60a2d8c40e1
periodic-table	c8c0639f0617
periodic-table	ca1ff370bfb5
periodic-table	cb132e37b4ef
periodic-table	cdf293aa90a7
periodic-table	ceef03f0df27
periodic-table	d05cf1a6092f
periodic-table	d2681d4c9a1d
periodic-table	d34ee3ebac00
periodic-table	d4ebda88ac90
periodic-table	d7976315eb0a
periodic-table	dabfdcf59558
periodic-table	db27a782e4eb
periodic-table	dd4fcb255fcb
periodic-table	dec595dbd9ce
periodic-table	e18d494865e9
periodic-table	e8e15cc460f7
periodic-table	e8f48e600c8a
periodic-table	ec9d5ef3878c
periodic-table	ee26d1634121
periodic-table	ee5c5696ee93
periodic-table	ee649489ffe5
periodic-table	ef9cdb79e047
periodic-table	f5e5094362f7
periodic-table	f65eb3464489
periodic-table	fa913df5627c
periodic-table	fb3a84ae69a9
periodic-table	fdf0bf8ede4d
periodic-table	ff93447518c8
real-systems	1f8293d27d19
real-systems	20f3eae424d1
real-systems	55fd025a7ecb
real-systems	7567bd348205
real-systems	81d293532226
real-systems	9bff0c44d3ae
real-systems	cd5d8ac0a21a
real-systems	d0635873d049
real-systems	f8bd6c6ffdd2
cables	02ee76f8ec45
cables	05eee18087ec
cables	066fbcf62fe7
cables	0da479c2be6c
cables	0dfe0e06ea4c
cables	135182f7a3df
cables	1773ea3bf8a6
cables	18893c8434c1
cables	1c059e791a2d
cables	1c0ed1e2dccf
cables	1dba30704eeb
cables	2044fe38078a
cables	22481eb4f04a
cables	23da4f1f6d62
cables	2580f3c2af3e
cables	28f6ef8ade0c
cables	2fc32775d5bd
cables	2ffbd04689fb
cables	330ce1ab4104
cables	3447f6fb89f8
cables	34b07badb063
cables	36251fd0c21d
cables	3773b941bc57
cables	39bca6e0d33b
cables	45c99d455c5c
cables	48d3a509b607
cables	4abb1256afa7
cables	4abd960cda10
cables	4cbd8e37a419
cables	53cbb600fb8a
cables	57207ed6b02f
cables	5c84bfbd1947
cables	635f78b5be7f
cables	63b6609f5d75
cables	643166023585
cables	64cca73f6dc1
cables	6bbd0767cf0f
cables	6bd169416a7b
cables	6dd6512cb061
cables	6f7c4e3a1ec8
cables	72b3ab940f24
cables	762a3035c6c6
cables	7b828f755bc1
cables	7bf7cc7eeb3d
cables	7d37bb2b0085
cables	800c87be8c5d
cables	81cbd9a5d943
cables	81db0d7da9d2
cables	91b502ffa759
cables	94638bcccfa1
cables	985993e51a66
cables	9c14b7005eb9
cables	9cde02db39ad
cables	9ffae2229fb8
cables	a67678de4e68
cables	a95834ebadac
cables	aa78a9a4ec1d
cables	aac226ca3aba
cables	aad82b4152d4
cables	ac0cc17b669f
cables	aef8c0830d7f
cables	b2bf6d9f766d
cables	b2d7f2f0f8d1
cables	b4b53ed470a9
cables	b78c70e45bf0
cables	b841ddac7ebb
cables	b85cc5faefc6
cables	bd2416e9d846
cables	c7a2b5ee138b
cables	c876e113c6db
cables	cb1fb22128e2
cables	d769caa9e609
cables	dc00cb1475c3
cables	ddfc25a36a2a
cables	de85b0f1b7e5
cables	e2dd55d068cb
cables	e4d60b60c68a
cables	e6f1d600ce94
cables	e876cc3a01bf
cables	e891afe3a55c
cables	ef819e629dc1
cables	f1af32ceee0d
cables	f2a8cff0632a
cables	f5dad7e17658
cables	ffab1ed1785c
grid-engine	0fdf425844a0
grid-engine	294dcc062cb0
grid-engine	2b0db38f46b2
grid-engine	2f4df33052d5
grid-engine	30efa2bab228
grid-engine	3589facf9901
grid-engine	3d3a56182f0c
grid-engine	9a922119dd89
grid-engine	9ff94b37304b
grid-engine	a3a5e23bf9b1
grid-engine	ba91af4cb902
grid-engine	c1ac4e0bed7f
grid-engine	c94470107ca6
grid-engine	d1b459cd6436
grid-engine	d9cd18b0e203
grid-engine	f9531a7a36ff
sun	052093ce0820
sun	060b29b992a8
sun	1dddf3a58000
sun	2290e8fff0ee
sun	3e3376233569
sun	3ea3835cc28e
sun	421c0fef0e46
sun	4a4d1c524fd2
sun	555bc82ec059
sun	67ae577e66bd
sun	755afbcfe971
sun	8b930de59db7
sun	9691d0f3536f
sun	974e4eee61ea
sun	976cf274d3d6
sun	a443037baa4b
sun	b0b74d9aef55
sun	b3e114a6b01d
sun	b5bebb5beae1
sun	c80736d56c9c
sun	dc30fbfe6e92
sun	e1de35af9c3c
underground	0320e2a1cea6
underground	032dac0d3c86
underground	0442ee456b2c
underground	068ccd22dcf3
underground	078a4c7d2293
underground	0dbb5a496462
underground	0ee0182822e0
underground	1490df128e7a
underground	16d70db3106d
underground	16f9b8749bd0
underground	1a16d4900a32
underground	1c12c51d921f
underground	1fa947b36b8f
underground	21455b3727c2
underground	2ceb30bbdeb6
underground	2d96867466c8
underground	2e41b70d0420
underground	3191202334d8
underground	36f80641a114
underground	3823fbd60395
underground	3829da0cc8cc
underground	3856f0a5e1be
underground	4a0e90f9d036
underground	512e5e2f3493
underground	52c3a0314c10
underground	553ff309ae8f
underground	5a6fa9147c74
underground	5c0eeae8cfd4
underground	5ef146b24dbd
underground	630073e24dca
underground	661a8bad1a1e
underground	66220534b4fe
underground	69b321b59f8b
underground	6a82548d2083
underground	6ad1517406d9
underground	6e85c00fd8d2
underground	719f72ccdecf
underground	75cc7dca7fe5
underground	783ec6dfdac4
underground	784e7b419be5
underground	7e8f8d9c6fce
underground	86168a43a0bf
underground	874cf2615d00
underground	8786b9e79d52
underground	88616b22957a
underground	894a25681e8e
underground	89948fa53075
underground	8f7a5aa8b57a
underground	900e26c098ce
underground	90e349679f01
underground	9101b1180833
underground	93b58af864e2
underground	9a87f5f86e4c
underground	9c40214fd0fb
underground	9c649b1ae372
underground	9d38e2423e52
underground	a1883145db32
underground	a82d5d120cca
underground	ae0daeb23c1f
underground	b1699325e611
underground	b2edd35e6de5
underground	ba7c3aed4987
underground	bcad9edd7986
underground	c19e249ad1c7
underground	c3e9ee19fd06
underground	c5f042b57487
underground	c69bb3595407
underground	c8b8ac97b93f
underground	cc63a0e6e2a6
underground	cca675dd8d7e
underground	cf505b873359
underground	d0ae0bb013e9
underground	d17ee64a9bef
underground	d2ce45cda3c5
underground	d3820b3d68c9
underground	d5692e6ab8b9
underground	d6ceff460a63
underground	d84fc82d2218
underground	de962fe1596a
underground	e82cf01bbdbe
underground	e9ef04b1fc4f
underground	eddbe6c087ce
underground	f624407951da
underground	f79796a9a78e
