# id	address	title
0	https://globalgrid2050.com/testcode/202609160224/	Wafer Galaxy - Navigate through our code without coding knowledge!
1	https://ventusltd.github.io/data-federation-map-for-globalgrid2050-all-repos/live_sandbox/federation_control_ledger/	Ventus Global Grid 2050 | Repository Relationship Board
2	https://ventusltd.github.io/galaxies-wafers/iterations/28-nearest-search-trap/	The Nearest-Search Trap — a gate made visible
3	https://ventusltd.github.io/testcode/sandbox/202609052011/pipeline/	Test Code 202609052011 · GlobalGrid2050 | UK Renewables Pipeline V9.7
4	https://globalgrid2050.com/repd_grid_atlasv3/	GlobalGrid2050 | Ventus Core
5	https://globalgrid2050.com/testcode/202609060517/atlas/	Test Code Atlas 202609060517
6	https://globalgrid2050.com/solar-bess-topology-v6/	GlobalGrid2050 V6
7	https://ventusltd.github.io/solar-electrical-topology-analysis-engine-text-based/v9-sandbox/	V9 Solar DC Computation Engine
8	https://ventusltd.github.io/solar-electrical-topology-analysis-engine-text-based/v10-development/	Solar DC Topology Studio — MVP Simulator
9	https://globalgrid2050.com/repd_grid_atlasv7/	GlobalGrid2050 | UK Region v7 (Experimental)
10	https://ventusltd.github.io/gridatlas/atlas/	Grid Atlas
11	https://globalgrid2050.com/how_to_work_with_globalgrid2050/	How to Work with GlobalGrid2050
12	https://globalgrid2050.com/solar-bess-topology-v7/gis-sld-financial-sandbox/	GIS SLD Financial Sandbox V7
13	https://globalgrid2050.com/repd_grid_atlasv8/	GlobalGrid2050 | UK Region v8 (Experimental)
14	https://globalgrid2050.com/data/grid_studies_public/california_wildfire_grid_risk.html	California Wildfire Grid Risk | GlobalGrid2050
15	https://ventusltd.github.io/testcode/sandbox/202609060400/atlas/	Test Code Atlas 202609060400
16	https://globalgrid2050.com/testcode/202609060432/cable/	Cable Geometry Visualiser v1.6.0
17	https://globalgrid2050.com/marketing/earth.html	VENTUS | SYSTEM INTERFACE
18	https://ventusltd.github.io/spiders/codex/build-plan/	VENTUS modular build federation
19	https://globalgrid2050.com/data/grid_studies_public/great_britain_electricity_price_grid_constraint_trends_2016_2026.html	Great Britain Electricity Price and Grid Constraint Trends 2016 to 2026 | GlobalGrid2050
20	https://ventusltd.github.io/galaxies-wafers/404.html	Galaxies Wafers — not found
21	https://ventusltd.github.io/galaxies-wafers/iterations/13-diversified-demand/	One group, one assumption · Demand lab
22	https://ventusltd.github.io/galaxies-wafers/iterations/39-decisions-and-permission/	No Record, No Permission
23	https://globalgrid2050.com/uk_renewables_pipeline/dashboard.html	GlobalGrid2050 | UK Renewables Pipeline
24	https://globalgrid2050.com/testcode/202609160151/	The Line Wafer — every numbered line of the estate, on one surface
25	https://ventusltd.github.io/stars/code.html	Code report · globalgrid2050 architecture development
26	https://ventusltd.github.io/youengineer-code-review/world-cup-knockout/	Knockout Predictor
27	https://globalgrid2050.com/data/grid_studies_public/	Grid Studies Public | GlobalGrid2050
28	https://ventusltd.github.io/pipelinenews/releases/202608270055-v8-fast-candidate.html	GlobalGrid2050 | UK Renewables Pipeline V8 FAST CANDIDATE
29	https://globalgrid2050.com/cable_geometry/	Cable Geometry Visualiser v1.6.0
30	https://globalgrid2050.com/testcode/202609150125/	Sector Star — real-economy energy users by sector and district
31	https://globalgrid2050.com/solar-bess-topology-v7/docs/demonstration-videos.html	V7 Demonstration Videos | GlobalGrid2050
32	https://globalgrid2050.com/homepage_versions/homepage_v109.html	GlobalGrid2050
33	https://globalgrid2050.com/solar-bess-topology-v8/bess-gis-sld-financial-sandbox/	BESS GIS SLD Financial Sandbox V8 | GlobalGrid2050
34	https://globalgrid2050.com/uk_renewables_pipeline/dashboard_v2_2026-08-22.html	GlobalGrid2050 | UK Renewables Pipeline V2
35	https://globalgrid2050.com/testcode/	Test Code — the nest
36	https://ventusltd.github.io/galaxies-wafers/iterations/08-space-and-time/	Space and Time — the Line Wafer with its clock
37	https://ventusltd.github.io/data-federation-map-for-globalgrid2050-all-repos/dashboard/federation_radial.html	Ventus Global Grid 2050 · The Spider Sandbox
38	https://ventusltd.github.io/youengineer-code-review/civilisation-atlas-v8/	YouEngineer | Civilisation Atlas V8
39	https://globalgrid2050.com/uk_renewables_pipeline/v8/	GlobalGrid2050 | UK Solar + Storage Daily V8.1
40	https://globalgrid2050.com/testcode/202609160224/proof/	Wafer Galaxy — render proof
41	https://globalgrid2050.com/solar-bess-topology-v6/gis-sld-financial-sandbox/	GIS SLD Financial Sandbox V6
42	https://globalgrid2050.com/uk_renewables_pipeline/202609061329/	GlobalGrid2050 | UK Renewables Pipeline 202609061329
43	https://ventusltd.github.io/spiders/species/seer-spider/	Seer Spider
44	https://globalgrid2050.com/solar-bess-topology/	Geometry Visualiser v1.5.18
45	https://globalgrid2050.com/uk_renewables_pipeline/v7/	GlobalGrid2050 | UK Solar + Storage Daily V7.1
46	https://ventusltd.github.io/solar-electrical-topology-analysis-engine-text-based/v7-development/	Solar DC String Topology Engine V7
47	https://ventusltd.github.io/galaxies-wafers/proof/	Proofs — The Line Wafer
48	https://globalgrid2050.com/repd_grid_atlasv5/	GlobalGrid2050 | UK Region v5
49	https://ventusltd.github.io/gridatlas/atlas/testcode/202609111007/	GridAtlas Satellite survey test 202609111007
50	https://ventusltd.github.io/galaxies-wafers/iterations/10-ground-bridge/	The Ground Bridge — the wafer and the ground, one tap apart
51	https://globalgrid2050.com/solar-bess-topology-v7/	GlobalGrid2050 V7
52	https://globalgrid2050.com/solar-bess-topology-v2/indexforgis-sld-v2.html	GIS SLD Financial Sandbox V2
53	https://ventusltd.github.io/testcode/sandbox/202609051457/pipeline/	Test Code 202609051457 · GlobalGrid2050 | UK Renewables Pipeline V9.7
54	https://ventusltd.github.io/testcode/sandbox/202609051531/	Test Code compute detector 202609051531
55	https://globalgrid2050.com/solar-bess-topology/indexforgis-sld.html	GIS-SLD and Financial Sandbox
56	https://globalgrid2050.com/homepage_versions/homepage_v118.html	GlobalGrid2050
57	https://ventusltd.github.io/gridatlas/ui/site/	Grid Atlas V9 · REPD Address Search
58	https://ventusltd.github.io/testcode/sandbox/202609051850/pipeline/	Test Code 202609051850 · GlobalGrid2050 | UK Renewables Pipeline V9.7
59	https://ventusltd.github.io/testcode/sandbox/202609051845/	Test Code compute detector 202609051845
60	https://globalgrid2050.com/solar-bess-topology-v5/	GIS SLD Financial Sandbox V5
61	https://ventusltd.github.io/gridatlas/atlas/v/202609072329/	Grid Atlas
62	https://ventusltd.github.io/solar-electrical-topology-analysis-engine-text-based/restore-points/2026-07-29-before-24-string-v10/	Ventus DC String Engine V10
63	https://globalgrid2050.com/uk_renewables_pipeline/v9.5.1/	GlobalGrid2050 | UK Renewables Pipeline V9.5.1
64	https://globalgrid2050.com/solar-bess-topology-v4/	GIS SLD Financial Sandbox V4
65	https://globalgrid2050.com/homepage_versions/homepage_v120.html	GlobalGrid2050
66	https://globalgrid2050.com/testcode/202609051300/pipeline/	Test Code 202609051300 · GlobalGrid2050 | UK Renewables Pipeline V9.7
67	https://globalgrid2050.com/pipelinenews_intelligence/202608311731/	PipelineNews | Current verified Atlas V9 deep-link successor 202608300309
68	https://globalgrid2050.com/pipelinenews_intelligence/202608312037/	PipelineNews | Current verified Atlas V9 deep-link successor 202608300309
69	https://ventusltd.github.io/ventus-grid-engine/genome/	Ventus Grid Engine · The Genome Sandbox
70	https://globalgrid2050.com/grid_engine/	Grid Engine Workbenches — GlobalGrid2050
71	https://globalgrid2050.com/homepage_versions/homepage_v115.html	GlobalGrid2050
72	https://globalgrid2050.com/testcode/202609051623/pipeline/	Test Code 202609051623 · GlobalGrid2050 | UK Renewables Pipeline V9.7
73	https://globalgrid2050.com/solar-bess-topology-v8/bess-pcs-standalone/	BESS PCS Standalone Redirect
74	https://ventusltd.github.io/testcode/sandbox/202609051847/pipeline/	Test Code 202609051847 · GlobalGrid2050 | UK Renewables Pipeline V9.7
75	https://globalgrid2050.com/uk_renewables_pipeline/v9.7/	GlobalGrid2050 | UK Renewables Pipeline V9.7
76	https://globalgrid2050.com/marketing/showcase.html	VENTUS | Global 3D Showcase
77	https://globalgrid2050.com/repd_grid_atlasv4/	GlobalGrid2050 | Ventus Core
78	https://ventusltd.github.io/solar-electrical-topology-analysis-engine-text-based/restore_points/2026-07-27-v8-leapfrog/index-v6-before-leapfrog.html	Solar DC String Topology Engine
79	https://ventusltd.github.io/testcode/sandbox/202609051517/pipeline/	Test Code 202609051517 · GlobalGrid2050 | UK Renewables Pipeline V9.7
80	https://ventusltd.github.io/spiders/spider_maya/v1/	spider_maya v1
81	https://ventusltd.github.io/gridatlas/atlas/testcode/202609110242/	GridAtlas satellite test 202609110242
82	https://ventusltd.github.io/galaxies-wafers/iterations/	Galaxies Wafers — every version
83	https://globalgrid2050.com/homepage_versions/homepage_v050.html	GlobalGrid2050
84	https://globalgrid2050.com/testcode/202609051905/pipeline/	Test Code 202609051905 · GlobalGrid2050 | UK Renewables Pipeline V9.7
85	https://globalgrid2050.com/testcode/202609051817/pipeline/	Test Code 202609051817 · GlobalGrid2050 | UK Renewables Pipeline V9.7
86	https://ventusltd.github.io/galaxies-wafers/iterations/04-400kv-engine/	400kV Engine Mode — module routes restyled as grid voltage
87	https://ventusltd.github.io/youengineer-code-review/world-cup-knockout-v5/	World Cup Knockout Predictor v5
88	https://ventusltd.github.io/testcode/sandbox/202609051906/pipeline/	Test Code 202609051906 · GlobalGrid2050 | UK Renewables Pipeline V9.7
89	https://globalgrid2050.com/testcode/202609060342/pipeline/	PipelineNews | Current verified Atlas V9 deep-link successor 202608300309
90	https://globalgrid2050.com/testcode/202609060318/pipeline/	PipelineNews | Current verified Atlas V9 deep-link successor 202608300309
91	https://globalgrid2050.com/testcode/202609060504/atlas/	Test Code Atlas 202609060504
92	https://ventusltd.github.io/testcode/sandbox/202609052008/pipeline/	Test Code 202609052008 · GlobalGrid2050 | UK Renewables Pipeline V9.7
93	https://globalgrid2050.com/homepage_versions/homepage_v040.html	GlobalGrid2050
94	https://ventusltd.github.io/pipelinenews/releases/202608291447-pipelinenews/	PipelineNews | Atlas V9 deep-link successor 202608291447
95	https://ventusltd.github.io/testcode/sandbox/202609051419/atlas/	Test Code Atlas 202609051419
96	https://globalgrid2050.com/testcode/202609060325/atlas/	Test Code Atlas 202609060325
97	https://globalgrid2050.com/testcode/202609141754/code-navigation/	GlobalGrid2050 · Code navigation prototype
98	https://ventusltd.github.io/galaxies-wafers/iterations/21-dark-pixels/	Dark Pixels — every line dark, only the charted lines lit
99	https://ventusltd.github.io/galaxies-wafers/iterations/41-golden-angle/	The Placement Law
100	https://globalgrid2050.com/testcode/202609060418/atlas/	Test Code Atlas 202609060418
101	https://globalgrid2050.com/pipelinenews_intelligence/202609020552/	PipelineNews | Current verified Atlas V9 deep-link successor 202608300309
102	https://globalgrid2050.com/pipelinenews_intelligence/202609050216/	PipelineNews | Current verified Atlas V9 deep-link successor 202608300309
103	https://globalgrid2050.com/testcode/202609060308/atlas/	Test Code Atlas 202609060308
104	https://globalgrid2050.com/pipelinenews_intelligence/202609020611/	PipelineNews | Current verified Atlas V9 deep-link successor 202608300309
105	https://ventusltd.github.io/solar-electrical-topology-analysis-engine-text-based/v8-leapfrog/	V8 Leapfrog DC String Cable Comparison
106	https://globalgrid2050.com/testcode/202609060213/pipeline/	PipelineNews | Current verified Atlas V9 deep-link successor 202608300309
107	https://globalgrid2050.com/testcode/202609060300/atlas/	Test Code Atlas 202609060300
108	https://ventusltd.github.io/testcode/table/20260914T144956Z-block-page-inspect/	Periodic table of globalgrid2050 architecture development
109	https://globalgrid2050.com/uk_renewables_pipeline/dashboard_v5_live.html	GlobalGrid2050 | UK Solar + Storage Daily V5
110	https://globalgrid2050.com/uk_renewables_pipeline/v9.5/	GlobalGrid2050 | UK Renewables Pipeline V9.5
111	https://globalgrid2050.com/testcode/202609142225/	GLOBALGRID2050 · Star Generator
112	https://globalgrid2050.com/estate_scan/202609021952/	Ventus Estate Log
113	https://globalgrid2050.com/testcode/202609051927/pipeline/	Test Code 202609051927 · GlobalGrid2050 | UK Renewables Pipeline V9.7
114	https://globalgrid2050.com/pipelinenews_intelligence/202608312339/	PipelineNews | Current verified Atlas V9 deep-link successor 202608300309
115	https://globalgrid2050.com/homepage_versions/homepage_v106.html	GlobalGrid2050
116	https://globalgrid2050.com/testcode/202609051517/pipeline/	Test Code 202609051517 · GlobalGrid2050 | UK Renewables Pipeline V9.7
117	https://globalgrid2050.com/uk_renewables_pipeline/v9.6/	GlobalGrid2050 | UK Renewables Pipeline V9.6 — DISCONTINUED
118	https://globalgrid2050.com/testcode/20260915050706/	Generator device review
119	https://ventusltd.github.io/testcode/sandbox/202609052023/	Test Code compute detector 202609052023
120	https://ventusltd.github.io/testcode/sandbox/202609051958/	Test Code compute detector 202609051958
121	https://globalgrid2050.com/testcode/202609060345/pipeline/	PipelineNews | Current verified Atlas V9 deep-link successor 202608300309
122	https://globalgrid2050.com/testcode/202609180120-underground-from-particles/	Underground from particles · testcode 202609180120
123	https://ventusltd.github.io/testcode/sandbox/202609052015/	Test Code compute detector 202609052015
124	https://globalgrid2050.com/testcode/202609060232/pipeline/	PipelineNews | Current verified Atlas V9 deep-link successor 202608300309
125	https://globalgrid2050.com/repd_grid_atlasv6/	GlobalGrid2050 | UK Region v6 (Experimental)
126	https://globalgrid2050.com/solar-bess-topology-v3/	GIS SLD Financial Sandbox V3
127	https://globalgrid2050.com/status.html	GlobalGrid2050 — build status
128	https://globalgrid2050.com/homepage_versions/homepage_v064.html	GlobalGrid2050
129	https://ventusltd.github.io/reports/studio/	GlobalGrid2050 Reports Dashboard
130	https://ventusltd.github.io/solar-electrical-topology-analysis-engine-text-based/progress-dashboard.html	Solar Topology Engine · Programme Truth
131	https://ventusltd.github.io/galaxies-wafers/iterations/22-fast-zoom/	Fast Zoom — The Line Wafer, iteration 22
132	https://ventusltd.github.io/testcode/sandbox/202609060324/atlas/	Test Code Atlas 202609060324
133	https://ventusltd.github.io/pipelinenews/releases/202608270844-v8-fast-candidate.html	GlobalGrid2050 | UK Renewables Pipeline LIVE NEWS DISCOVERY CANDIDATE
134	https://ventusltd.github.io/testcode/sandbox/202609060327/atlas/	Test Code Atlas 202609060327
135	https://ventusltd.github.io/solar-electrical-topology-analysis-engine-text-based/b9-sandbox/	B9 Multi-Array Electrical Sandbox
136	https://globalgrid2050.com/testcode/202609060521/atlas/	Test Code Atlas 202609060521
137	https://ventusltd.github.io/testcode/sandbox/202609060320/atlas/	Test Code Atlas 202609060320
138	https://ventusltd.github.io/galaxies-wafers/iterations/01-route-alpha/	Route Alpha — The Line Wafer, dense modules translucent
139	https://globalgrid2050.com/time_to_2050/	Hourglass to 2050
140	https://ventusltd.github.io/testcode/sandbox/202609051940/pipeline/	Test Code 202609051940 · GlobalGrid2050 | UK Renewables Pipeline V9.7
141	https://globalgrid2050.com/homepage_versions/homepage_v041.html	GlobalGrid2050
142	https://ventusltd.github.io/testcode/sandbox/202609051848/pipeline/	Test Code 202609051848 · GlobalGrid2050 | UK Renewables Pipeline V9.7
143	https://ventusltd.github.io/galaxies-wafers/iterations/30-journey/	Journey — follow one thread through the Line Wafer, level by level
144	https://ventusltd.github.io/gridatlas/atlas/v/202609062246/	Grid Atlas
145	https://globalgrid2050.com/testcode/202609051419/pipeline/	Test Code 202609051419 · GlobalGrid2050 | UK Renewables Pipeline V9.7
146	https://ventusltd.github.io/testcode/sandbox/202609052028/pipeline/	Test Code 202609052028 · GlobalGrid2050 | UK Renewables Pipeline V9.7
147	https://ventusltd.github.io/testcode/sandbox/202609051953/pipeline/	Test Code 202609051953 · GlobalGrid2050 | UK Renewables Pipeline V9.7
148	https://globalgrid2050.com/uk_renewables_pipeline/v9/	GlobalGrid2050 | UK Renewables Pipeline V9.3.1
149	https://ventusltd.github.io/testcode/sandbox/202609051214/	Test Code · 202609051214
150	https://ventusltd.github.io/galaxies-wafers/iterations/40-same-name-same-body/	Same Name, Same Body?
151	https://ventusltd.github.io/testcode/sandbox/202609051344/pipeline/	Test Code 202609051344 · GlobalGrid2050 | UK Renewables Pipeline V9.7
152	https://ventusltd.github.io/gridatlas/atlas/testcode/202609110849/	GridAtlas satellite test 202609110849
153	https://globalgrid2050.com/homepage_versions/homepage_v062.html	GlobalGrid2050
154	https://globalgrid2050.com/testcode/202609051820/pipeline/	Test Code 202609051820 · GlobalGrid2050 | UK Renewables Pipeline V9.7
155	https://globalgrid2050.com/testcode/202609052011/pipeline/	Test Code 202609052011 · GlobalGrid2050 | UK Renewables Pipeline V9.7
156	https://globalgrid2050.com/testcode/202609060204/	Pipeline News · Coverage audit 202609060204
157	https://ventusltd.github.io/testcode/sandbox/capsules/tool-layers/source-browser/	Standalone tool source | GlobalGrid2050
158	https://globalgrid2050.com/testcode/202609051845/pipeline/	Test Code 202609051845 · GlobalGrid2050 | UK Renewables Pipeline V9.7
159	https://ventusltd.github.io/data-gridatlas/202608291237-data-gridatlas/	202608291237-data-gridatlas — Data Grid Atlas V9
160	https://ventusltd.github.io/galaxies-wafers/iterations/09-deeplink-receiver/	The Line Wafer — iteration 09, the deep-link receiver
161	https://ventusltd.github.io/testcode/sandbox/202609051901/pipeline/	Test Code 202609051901 · GlobalGrid2050 | UK Renewables Pipeline V9.7
162	https://globalgrid2050.com/solar-bess-topology-v8/	GlobalGrid2050 V8
163	https://globalgrid2050.com/pipelinenews_intelligence/202609022308/	PipelineNews | Current verified Atlas V9 deep-link successor 202608300309
164	https://globalgrid2050.com/testcode/202609160258/	CPU Wafer Galaxy - Chronology
165	https://globalgrid2050.com/pipelinenews_intelligence/202609050233/	PipelineNews | Current verified Atlas V9 deep-link successor 202608300309
166	https://globalgrid2050.com/pipelinenews_intelligence/202609020025/	PipelineNews | Current verified Atlas V9 deep-link successor 202608300309
167	https://globalgrid2050.com/pipelinenews_intelligence/202608311858/	PipelineNews | Current verified Atlas V9 deep-link successor 202608300309
168	https://ventusltd.github.io/ventus-grid-engine/sources/deeplink-extracts/receiver/index-composer.html	Grid Atlas
169	https://globalgrid2050.com/homepage_versions/homepage_v112.html	GlobalGrid2050
170	https://globalgrid2050.com/pipelinenews_intelligence/202609050309/	PipelineNews | Current verified Atlas V9 deep-link successor 202608300309
171	https://ventusltd.github.io/galaxies-wafers/iterations/24-electrification-model/	Seven Meanings — a kilowatt is not a kilowatt
172	https://globalgrid2050.com/homepage_versions/homepage_v029.html	GlobalGrid2050
173	https://ventusltd.github.io/galaxies-wafers/iterations/46-chemistry-ledger/	Chemistry Ledger
174	https://globalgrid2050.com/pipelinenews_intelligence/202609012326/	PipelineNews | Current verified Atlas V9 deep-link successor 202608300309
175	https://ventusltd.github.io/gridatlas/atlas/v/202609062343/	Grid Atlas
176	https://globalgrid2050.com/testcode/202609052023/pipeline/	Test Code 202609052023 · GlobalGrid2050 | UK Renewables Pipeline V9.7
177	https://ventusltd.github.io/testcode/sandbox/202609051419/	Test Code compute detector 202609051419
178	https://globalgrid2050.com/data/grid_studies_public/texas_ercot_winter_failures.html	Texas ERCOT Winter Failures | GlobalGrid2050
179	https://globalgrid2050.com/homepage_versions/homepage_v111.html	GlobalGrid2050
180	https://globalgrid2050.com/testcode/202609142202/	GLOBALGRID2050 · 202609142202 Quantum Twin Star
181	https://globalgrid2050.com/homepage_versions/homepage_v108.html	GlobalGrid2050
182	https://globalgrid2050.com/homepage_versions/homepage_v089.html	GlobalGrid2050
183	https://globalgrid2050.com/homepage_versions/homepage_v104.html	GlobalGrid2050
184	https://ventusltd.github.io/testcode/sandbox/202609060418/atlas/	Test Code Atlas 202609060418
185	https://globalgrid2050.com/testcode/202609051850/pipeline/	Test Code 202609051850 · GlobalGrid2050 | UK Renewables Pipeline V9.7
186	https://globalgrid2050.com/testcode/202609051940/pipeline/	Test Code 202609051940 · GlobalGrid2050 | UK Renewables Pipeline V9.7
187	https://globalgrid2050.com/testcode/202609060509/atlas/	Test Code Atlas 202609060509
188	https://globalgrid2050.com/testcode/202609060334/pipeline/	PipelineNews | Current verified Atlas V9 deep-link successor 202608300309
189	https://globalgrid2050.com/employers_competence/	Employer's Competence Requirements | GlobalGrid2050
190	https://ventusltd.github.io/testcode/sandbox/202609051419/pipeline/	Test Code 202609051419 · GlobalGrid2050 | UK Renewables Pipeline V9.7
191	https://ventusltd.github.io/kuiper-belt/preview-kuiper-belt.html	Kuiper Belt
192	https://globalgrid2050.com/pipelinenews_intelligence/202608312109/	PipelineNews | Current verified Atlas V9 deep-link successor 202608300309
193	https://ventusltd.github.io/gb-electricity-ui/uk_energy_tracking_v6/	GB Electricity Tracker · Compare
194	https://globalgrid2050.com/homepage_versions/homepage_v016.html	GlobalGrid2050
195	https://ventusltd.github.io/gridatlas/atlas/v/202609012141/	Grid Atlas
196	https://ventusltd.github.io/galaxies-wafers/iterations/02-tunnels/	Tunnels — the same line, far apart on the wafer
197	https://globalgrid2050.com/testcode/202609141531/	GLOBALGRID2050 | Browser evidence
198	https://ventusltd.github.io/data-federation-map-for-globalgrid2050-all-repos/live_sandbox/blank_canvas/	Single Target Workspace | GlobalGrid2050
199	https://ventusltd.github.io/gridatlas/atlas/codex/202609020010/	Codex computation lab · 202609020010
200	https://globalgrid2050.com/homepage_versions/homepage_v055.html	GlobalGrid2050
201	https://ventusltd.github.io/galaxies-wafers/iterations/32-spider-and-galaxy/	Spider and Galaxy — one universe, two views
202	https://globalgrid2050.com/testcode/202609160207/	The Line Wafer — every numbered line of the estate, on one surface
203	https://ventusltd.github.io/testcode/sandbox/202609052020/pipeline/	Test Code 202609052020 · GlobalGrid2050 | UK Renewables Pipeline V9.7
204	https://globalgrid2050.com/uk_renewables_pipeline/dashboard_v3_live_2026-08-22.html	GlobalGrid2050 | UK Renewables Pipeline V3 | Live
205	https://globalgrid2050.com/homepage_versions/homepage_v033.html	GlobalGrid2050
206	https://ventusltd.github.io/testcode/sandbox/202609051948/pipeline/	Test Code 202609051948 · GlobalGrid2050 | UK Renewables Pipeline V9.7
207	https://globalgrid2050.com/pipelinenews_intelligence/202608311530/	PipelineNews | Current verified Atlas V9 deep-link successor 202608300309
208	https://globalgrid2050.com/homepage_versions/homepage_v035.html	GlobalGrid2050
209	https://globalgrid2050.com/homepage_versions/homepage_v103.html	GlobalGrid2050
210	https://ventusltd.github.io/testcode/sandbox/202609060309/atlas/	Test Code Atlas 202609060309
211	https://ventusltd.github.io/testcode/sandbox/202609052023/pipeline/	Test Code 202609052023 · GlobalGrid2050 | UK Renewables Pipeline V9.7
212	https://globalgrid2050.com/testcode/202609051958/pipeline/	Test Code 202609051958 · GlobalGrid2050 | UK Renewables Pipeline V9.7
213	https://globalgrid2050.com/homepage_versions/homepage_v105.html	GlobalGrid2050
214	https://ventusltd.github.io/testcode/sandbox/202609052008/	Test Code compute detector 202609052008
215	https://ventusltd.github.io/testcode/sandbox/202609060447/atlas/	Test Code Atlas 202609060447
216	https://ventusltd.github.io/testcode/sandbox/202609141544-browser-evidence/	GLOBALGRID2050 | Browser evidence
217	https://globalgrid2050.com/uk_renewables_pipeline/v9.6.1/	GlobalGrid2050 | UK Renewables Pipeline V9.6.1
218	https://ventusltd.github.io/testcode/sandbox/202609051845/pipeline/	Test Code 202609051845 · GlobalGrid2050 | UK Renewables Pipeline V9.7
219	https://globalgrid2050.com/pipelinenews_intelligence/202608311800/	PipelineNews | Current verified Atlas V9 deep-link successor 202608300309
220	https://globalgrid2050.com/uk_renewables_pipeline/dashboard_v6_live.html	GlobalGrid2050 | UK Solar + Storage Daily V6
221	https://globalgrid2050.com/homepage_versions/homepage_v061.html	GlobalGrid2050
222	https://ventusltd.github.io/gridatlas/atlas/v/202609071232/	Grid Atlas
223	https://ventusltd.github.io/galaxies-wafers/iterations/05-periodic-table/	The Line Wafer — the periodic table of blocks, on the numbered surface
224	https://ventusltd.github.io/spiders/spider_printer_v1/	GlobalGrid2050 Elements
225	https://globalgrid2050.com/data/grid_studies_public/heathrow_regulator_and_airport_commentary.html	Heathrow Regulator and Airport Commentary | GlobalGrid2050
226	https://globalgrid2050.com/testcode/202609141423/	GLOBALGRID2050 · Code journey
227	https://globalgrid2050.com/homepage_versions/homepage_v059.html	GlobalGrid2050
228	https://globalgrid2050.com/homepage_versions/homepage_v026.html	GlobalGrid2050
229	https://ventusltd.github.io/code-generator/apps/substation-finder/	Substation finder on a map · assembly
230	https://ventusltd.github.io/galaxies-wafers/iterations/34-cpu-floorplan/	Logical Floorplan — the estate's code through a textbook processor
231	https://globalgrid2050.com/v11/	V11 Solar DC Topology Engine — Validated Full-Array Build
232	https://ventusltd.github.io/gb-electricity-ui/uk_energy_tracking_v6/generation_history/	Generation History · Compare
233	https://ventusltd.github.io/solar-electrical-topology-analysis-engine-text-based/b9-sandbox/tests.html	B9 Sandbox Tests
234	https://globalgrid2050.com/pipelinenews_intelligence/202608311645/	PipelineNews | Current verified Atlas V9 deep-link successor 202608300309
235	https://globalgrid2050.com/uk_renewables_pipeline/v9.6.2/	GlobalGrid2050 | UK Renewables Pipeline V9.6.2
236	https://globalgrid2050.com/testcode/202609052015/pipeline/	Test Code 202609052015 · GlobalGrid2050 | UK Renewables Pipeline V9.7
237	https://globalgrid2050.com/homepage_versions/homepage_v093.html	GlobalGrid2050
238	https://globalgrid2050.com/testcode/202609051457/pipeline/	Test Code 202609051457 · GlobalGrid2050 | UK Renewables Pipeline V9.7
239	https://globalgrid2050.com/testcode/202609060320/atlas/	Test Code Atlas 202609060320
240	https://globalgrid2050.com/solar-bess-topology-v6/cable-geometry-visualiser/	Cable Geometry Visualiser V6 | GlobalGrid2050
241	https://globalgrid2050.com/testcode/202609060228/atlas/	Test Code Atlas 202609060228
242	https://globalgrid2050.com/testcode/202609051936/pipeline/	Test Code 202609051936 · GlobalGrid2050 | UK Renewables Pipeline V9.7
243	https://ventusltd.github.io/pipelinenews/releases/202608300309-pipelinenews/	PipelineNews | Current verified Atlas V9 deep-link successor 202608300309
244	https://ventusltd.github.io/testcode/sandbox/202609051517/	Test Code compute detector 202609051517
245	https://globalgrid2050.com/testcode/202609150502/	UK Solar · public project lens
246	https://globalgrid2050.com/estate_scan/202609021937/	Ventus Estate Log
247	https://globalgrid2050.com/homepage_versions/homepage_v021.html	GlobalGrid2050
248	https://ventusltd.github.io/galaxies-wafers/iterations/31-code-card-everywhere/	Code Card Everywhere — tap anything on the wafer, read its code
249	https://ventusltd.github.io/galaxies-wafers/iterations/48-grid-challenge/	Which Element Meets Which Grid Question
250	https://globalgrid2050.com/homepage_versions/homepage_v101.html	GlobalGrid2050
251	https://ventusltd.github.io/testcode/sandbox/202609051531/pipeline/	Test Code 202609051531 · GlobalGrid2050 | UK Renewables Pipeline V9.7
252	https://ventusltd.github.io/solar-electrical-topology-analysis-engine-text-based/v10-development/authority/	Solar DC Topology Studio
253	https://ventusltd.github.io/testcode/sandbox/202609051905/	Test Code compute detector 202609051905
254	https://globalgrid2050.com/data/grid_studies_public/bess_transformer_procurement_insurance_exposure.html	BESS Transformer and Insurance Exposure | GlobalGrid2050
255	https://globalgrid2050.com/uk_renewables_pipeline/202609061149/	GlobalGrid2050 | UK Renewables Pipeline 202609061149
256	https://ventusltd.github.io/pipelinenews/releases/202608262141-v8-candidate.html	GlobalGrid2050 | UK Renewables Pipeline V8 FOUNDATION CANDIDATE
257	https://ventusltd.github.io/testcode/sandbox/202609060228/atlas/	Test Code Atlas 202609060228
258	https://ventusltd.github.io/stars/table.html	Periodic table of globalgrid2050 architecture development
259	https://ventusltd.github.io/youengineer-code-review/civilisation-map.html	YouEngineer Civilisation Atlas
260	https://globalgrid2050.com/solar-bess-topology-v5/dc-ac-lv-topology-review-v5.html	DC AC LV Topology Review V5 | GlobalGrid2050
261	https://globalgrid2050.com/pipelinenews_intelligence/202608312114/	PipelineNews | Current verified Atlas V9 deep-link successor 202608300309
262	https://globalgrid2050.com/homepage_versions/homepage_v121.html	GlobalGrid2050
263	https://ventusltd.github.io/gb-electricity-ui/uk_energy_tracking_v6/monolith-reference.html	Monolith Reference · GB Electricity Tracker
264	https://globalgrid2050.com/uk_renewables_pipeline/dashboard_v4_live.html	GlobalGrid2050 | UK Renewables Pipeline V4 Live
265	https://globalgrid2050.com/homepage_versions/homepage_v014.html	GlobalGrid2050
266	https://ventusltd.github.io/testcode/sandbox/202609060517/atlas/	Test Code Atlas 202609060517
267	https://ventusltd.github.io/testcode/sandbox/202609060435/atlas/	Test Code Atlas 202609060435
268	https://ventusltd.github.io/gridatlas/atlas/v/202609071213/	Grid Atlas
269	https://ventusltd.github.io/testcode/sandbox/202609052020/	Test Code compute detector 202609052020
270	https://ventusltd.github.io/testcode/spider/20260914T143044Z-v1-click-fix/	Ventus Global Grid 2050 · The Spider Sandbox
271	https://globalgrid2050.com/solar-bess-topology-v5/cable-geometry-visualiser-v5.html	Cable Geometry Visualiser V5 | GlobalGrid2050
272	https://globalgrid2050.com/homepage_versions/homepage_v030.html	GlobalGrid2050
273	https://ventusltd.github.io/testcode/sandbox/202609051441/atlas/	Test Code Atlas 202609051441
274	https://globalgrid2050.com/homepage_versions/homepage_v091.html	GlobalGrid2050
275	https://globalgrid2050.com/testcode/202609051152/pipeline/	Test Code 202609051152 · GlobalGrid2050 | UK Renewables Pipeline V9.7
276	https://ventusltd.github.io/testcode/sandbox/202609141527-numbered-universe/	GLOBALGRID2050 | Code relationships
277	https://ventusltd.github.io/galaxies-wafers/iterations/27-earth-radii-and-argument-order/	Two Hazards on One Map — Earth radii and argument order in distance code
278	https://ventusltd.github.io/testcode/sandbox/202609052015/pipeline/	Test Code 202609052015 · GlobalGrid2050 | UK Renewables Pipeline V9.7
279	https://ventusltd.github.io/testcode/sandbox/202609060441/atlas/	Test Code Atlas 202609060441
280	https://globalgrid2050.com/testcode/202609051344/pipeline/	Test Code 202609051344 · GlobalGrid2050 | UK Renewables Pipeline V9.7
281	https://globalgrid2050.com/homepage_versions/homepage_v039.html	GlobalGrid2050
282	https://ventusltd.github.io/gridatlas/atlas/testcode/202609110310/	GridAtlas test 202609110310 · dual satellite
283	https://ventusltd.github.io/galaxies-wafers/iterations/35-system-journey/	One System, Stop by Stop
284	https://globalgrid2050.com/testcode/202609060447/atlas/	Test Code Atlas 202609060447
285	https://ventusltd.github.io/testcode/sandbox/202609141552-numbered-universe/	GLOBALGRID2050 | Code relationships
286	https://ventusltd.github.io/pipelinenews/releases/202609040144-pipelinenews/	PipelineNews | Current verified Atlas V9 deep-link successor 202608300309
287	https://globalgrid2050.com/uk_renewables_pipeline/202609051156/	GlobalGrid2050 | UK Renewables Pipeline 202609051156
288	https://globalgrid2050.com/pipelinenews_intelligence/202609021945/	PipelineNews | Current verified Atlas V9 deep-link successor 202608300309
289	https://ventusltd.github.io/testcode/sandbox/202609051927/pipeline/	Test Code 202609051927 · GlobalGrid2050 | UK Renewables Pipeline V9.7
290	https://globalgrid2050.com/homepage_versions/homepage_v096.html	GlobalGrid2050
291	https://globalgrid2050.com/testcode/202609060441/atlas/	Test Code Atlas 202609060441
292	https://globalgrid2050.com/homepage_versions/homepage_v088.html	GlobalGrid2050
293	https://globalgrid2050.com/testcode/202609151230/	Time Star · Motion studies
294	https://globalgrid2050.com/pipelinenews_intelligence/202609030009/	PipelineNews | Current verified Atlas V9 deep-link successor 202608300309
295	https://globalgrid2050.com/homepage_versions/homepage_v020.html	GlobalGrid2050
296	https://globalgrid2050.com/homepage_versions/homepage_v057.html	GlobalGrid2050
297	https://globalgrid2050.com/testcode/202609051844/pipeline/	Test Code 202609051844 · GlobalGrid2050 | UK Renewables Pipeline V9.7
298	https://ventusltd.github.io/testcode/sandbox/202609051848/	Test Code compute detector 202609051848
299	https://ventusltd.github.io/galaxies-wafers/iterations/37-hidden-wires/	Hidden Wires
300	https://ventusltd.github.io/galaxies-wafers/iterations/25-one-feeder/	One Feeder — the physics of one radial line, charted
301	https://globalgrid2050.com/homepage_versions/homepage_v013.html	GlobalGrid2050
302	https://ventusltd.github.io/star-electron-star/proof/	Proofs — The Line Wafer
303	https://ventusltd.github.io/gb-electricity-ui/uk_energy_tracking_v6/new-build.html	GB Electricity Tracker UI Shell
304	https://ventusltd.github.io/testcode/sandbox/202609051608/pipeline/	Test Code 202609051608 · GlobalGrid2050 | UK Renewables Pipeline V9.7
305	https://ventusltd.github.io/gridatlas/atlas/v/202609071005/	Grid Atlas
306	https://globalgrid2050.com/homepage_versions/homepage_v048.html	GlobalGrid2050
307	https://globalgrid2050.com/homepage_versions/homepage_v001.html	GlobalGrid2050
308	https://globalgrid2050.com/testcode/202609051531/pipeline/	Test Code 202609051531 · GlobalGrid2050 | UK Renewables Pipeline V9.7
309	https://globalgrid2050.com/testcode/202609060528/atlas/	Test Code Atlas 202609060528
310	https://ventusltd.github.io/testcode/sandbox/202609060308/atlas/	Test Code Atlas 202609060308
311	https://ventusltd.github.io/testcode/sandbox/202609051441/	Test Code compute detector 202609051441
312	https://ventusltd.github.io/galaxies-wafers/iterations/36-elements-assembly/	Assembly — lines into functions, functions into elements, elements into apps, and in actio
313	https://ventusltd.github.io/testcode/sandbox/202609060528/atlas/	Test Code Atlas 202609060528
314	https://globalgrid2050.com/homepage_versions/homepage_v114.html	GlobalGrid2050
315	https://ventusltd.github.io/testcode/sandbox/202609060322/atlas/	Test Code Atlas 202609060322
316	https://globalgrid2050.com/homepage_versions/homepage_v052.html	GlobalGrid2050
317	https://globalgrid2050.com/testcode/202609060351/atlas/	Test Code Atlas 202609060351
318	https://globalgrid2050.com/pipelinenews_intelligence/202608312202/	PipelineNews | Current verified Atlas V9 deep-link successor 202608300309
319	https://globalgrid2050.com/pipelinenews_intelligence/202608311558/	PipelineNews | Current verified Atlas V9 deep-link successor 202608300309
320	https://ventusltd.github.io/galaxies-wafers/iterations/26-apps-layers-substrate/	Apps, Layers, Substrate — the estate's apps as tabs over its numbered lines
321	https://ventusltd.github.io/testcode/sandbox/202609051152/pipeline/	Test Code 202609051152 · GlobalGrid2050 | UK Renewables Pipeline V9.7
322	https://globalgrid2050.com/pipelinenews_intelligence/202608311343/	PipelineNews | Current verified Atlas V9 deep-link successor 202608300309
323	https://ventusltd.github.io/spiders/species/federation-spider/	Federation Spider
324	https://globalgrid2050.com/uk_renewables_pipeline/202609081016/	GlobalGrid2050 | UK Renewables Pipeline 202609081016
325	https://globalgrid2050.com/uk_renewables_pipeline/dashboard_v3_2026-08-22.html	GlobalGrid2050 | UK Renewables Pipeline V3 | 2026-08-22
326	https://ventusltd.github.io/galaxies-wafers/atlas/	The Ground — Grid Atlas's own layers, lifted whole
327	https://ventusltd.github.io/testcode/sandbox/202609051623/	Test Code compute detector 202609051623
328	https://ventusltd.github.io/solar-electrical-topology-analysis-engine-text-based/v7-development/feed-i/	V7 FEED I Electromagnetic Workbench
329	https://ventusltd.github.io/data-federation-map-for-globalgrid2050-all-repos/dashboard/sandbox/spider_full_po_test.html	Ventus Global Grid 2050 · The Spider Sandbox
330	https://ventusltd.github.io/testcode/sandbox/202609051844/	Test Code compute detector 202609051844
331	https://globalgrid2050.com/testcode/202609051214/pipeline/	Test Code 202609051214 · GlobalGrid2050 | UK Renewables Pipeline V9.7
332	https://ventusltd.github.io/data-federation-map-for-globalgrid2050-all-repos/dashboard/sandbox/federation_radial_uniform.html	Ventus Global Grid 2050 · The Spider Sandbox
333	https://ventusltd.github.io/testcode/sandbox/202609051932/pipeline/	Test Code 202609051932 · GlobalGrid2050 | UK Renewables Pipeline V9.7
334	https://globalgrid2050.com/estate_scan/202609021924/	Ventus Estate Scan
335	https://globalgrid2050.com/pipelinenews_intelligence/202609031308/	PipelineNews | Current verified Atlas V9 deep-link successor 202608300309
336	https://globalgrid2050.com/testcode/202609060158/	Pipeline News · Coverage audit 202609060158
337	https://globalgrid2050.com/homepage_versions/homepage_v074.html	GlobalGrid2050
338	https://globalgrid2050.com/homepage_versions/homepage_v032.html	GlobalGrid2050
339	https://ventusltd.github.io/gridatlas/atlas/v/202609070913/	Grid Atlas
340	https://ventusltd.github.io/testcode/sandbox/202609051441/pipeline/	Test Code 202609051441 · GlobalGrid2050 | UK Renewables Pipeline V9.7
341	https://globalgrid2050.com/employers_requirments_large_scale_solar/print/	Employers Requirements Large Scale Solar Print Builder
342	https://globalgrid2050.com/estate_scan/202609021858/	Ventus Estate Scan
343	https://globalgrid2050.com/testcode/202609051901/pipeline/	Test Code 202609051901 · GlobalGrid2050 | UK Renewables Pipeline V9.7
344	https://globalgrid2050.com/data/grid_studies_public/california_market_design_operational_reliability.html	California Market Design Reliability | GlobalGrid2050
345	https://ventusltd.github.io/solar-electrical-topology-analysis-engine-text-based/v8-leapfrog/tests.html	V8 Leapfrog Golden Tests
346	https://globalgrid2050.com/homepage_versions/homepage_v022.html	GlobalGrid2050
347	https://globalgrid2050.com/data/grid_studies_public/heathrow_north_hyde_substation_fire.html	Heathrow North Hyde Substation Fire | GlobalGrid2050
348	https://globalgrid2050.com/testcode/202609060435/atlas/	Test Code Atlas 202609060435
349	https://ventusltd.github.io/testcode/sandbox/202609052028/	Test Code compute detector 202609052028
350	https://globalgrid2050.com/202608300453-atlas-v9/	Grid Atlas V9 — canonical application
351	https://ventusltd.github.io/testcode/sandbox/202609060353/atlas/	Test Code Atlas 202609060353
352	https://globalgrid2050.com/homepage_versions/homepage_v036.html	GlobalGrid2050
353	https://ventusltd.github.io/stars/modular-star/universe-viewer/	GLOBALGRID2050 | Code relationships
354	https://ventusltd.github.io/testcode/sandbox/202609051958/pipeline/	Test Code 202609051958 · GlobalGrid2050 | UK Renewables Pipeline V9.7
355	https://ventusltd.github.io/data-federation-map-for-globalgrid2050-all-repos/live_sandbox/football_one_card/	Match Summary Canvas | GlobalGrid2050
356	https://globalgrid2050.com/testcode/202609051948/pipeline/	Test Code 202609051948 · GlobalGrid2050 | UK Renewables Pipeline V9.7
357	https://globalgrid2050.com/testcode/202609141350/	GLOBALGRID2050 · Spider universe, ten versions
358	https://globalgrid2050.com/homepage_versions/homepage_v053.html	GlobalGrid2050
359	https://globalgrid2050.com/pipelinenews_intelligence/202608312056/	PipelineNews | Current verified Atlas V9 deep-link successor 202608300309
360	https://globalgrid2050.com/data/grid_studies_public/gb_electricity_price_grid_constraint_evidence_charts.html	GB Electricity Price Evidence | GlobalGrid2050
361	https://ventusltd.github.io/testcode/sandbox/202609051817/	Test Code compute detector 202609051817
362	https://ventusltd.github.io/gb-electricity-ui/uk_energy_tracking_v6/generation_history/new-build.html	Generation History UI Shell · New Build
363	https://globalgrid2050.com/homepage_versions/homepage_v034.html	GlobalGrid2050
364	https://ventusltd.github.io/testcode/sandbox/202609051152/	Test Code · 202609051152
365	https://globalgrid2050.com/homepage_versions/homepage_v058.html	GlobalGrid2050
366	https://globalgrid2050.com/data/grid_studies_public/new_york_northeast_cascading_failures.html	New York and Northeast Cascading Failures | GlobalGrid2050
367	https://globalgrid2050.com/solar-bess-topology-v8/bess-electrical-topology-review/	BESS Electrical Topology Review V8 | GlobalGrid2050
368	https://globalgrid2050.com/uk_renewables_pipeline/v9.4/	GlobalGrid2050 | UK Renewables Pipeline V9.4
369	https://ventusltd.github.io/galaxies-wafers/iterations/44-vaccine-immunity/	Immunity
370	https://ventusltd.github.io/testcode/sandbox/202609051932/	Test Code compute detector 202609051932
371	https://globalgrid2050.com/homepage_versions/homepage_v028.html	GlobalGrid2050
372	https://ventusltd.github.io/galaxies-wafers/iterations/45-deeplink-round-trip/	The MAP Button, Round Trip
373	https://globalgrid2050.com/pipelinenews_intelligence/202608312145/	PipelineNews | Current verified Atlas V9 deep-link successor 202608300309
374	https://globalgrid2050.com/testcode/202609051932/pipeline/	Test Code 202609051932 · GlobalGrid2050 | UK Renewables Pipeline V9.7
375	https://globalgrid2050.com/homepage_versions/homepage_v122.html	GlobalGrid2050
376	https://ventusltd.github.io/testcode/sandbox/202609060352/atlas/	Test Code Atlas 202609060352
377	https://ventusltd.github.io/testcode/sandbox/202609051906/	Test Code compute detector 202609051906
378	https://ventusltd.github.io/testcode/sandbox/202609060509/atlas/	Test Code Atlas 202609060509
379	https://globalgrid2050.com/homepage_versions/homepage_v056.html	GlobalGrid2050
380	https://ventusltd.github.io/gridatlas/atlas/v/202609072337/	Grid Atlas
381	https://ventusltd.github.io/data-gridatlas/202608291410-repd-routing/	Data Grid Atlas · REPD routing 202608291410
382	https://ventusltd.github.io/galaxies-wafers/iterations/06-stars-as-engines/	Stars as Engines — the Line Wafer under ten laws
383	https://ventusltd.github.io/testcode/sandbox/202609052011/	Test Code compute detector 202609052011
384	https://globalgrid2050.com/uk_renewables_pipeline/202609082224/	GlobalGrid2050 | UK Renewables Pipeline 202609082224
385	https://globalgrid2050.com/homepage_versions/homepage_v060.html	GlobalGrid2050
386	https://ventusltd.github.io/galaxies-wafers/iterations/29-rating-envelope/	Ratings That Do Not Add
387	https://ventusltd.github.io/testcode/sandbox/202609060351/atlas/	Test Code Atlas 202609060351
388	https://globalgrid2050.com/testcode/202609151339/	The Line Wafer — every numbered line of the estate, on one surface
389	https://globalgrid2050.com/uk_renewables_pipeline/202609071221/	GlobalGrid2050 | UK Renewables Pipeline 202609071221
390	https://ventusltd.github.io/testcode/sandbox/202609060300/atlas/	Test Code Atlas 202609060300
391	https://ventusltd.github.io/testcode/sandbox/202609060401/atlas/	Test Code Atlas 202609060401
392	https://ventusltd.github.io/solar-electrical-topology-analysis-engine-text-based/v10-development/topology-studio.html	V10 Arbitrary Topology Studio
393	https://ventusltd.github.io/testcode/sandbox/202609051936/	Test Code compute detector 202609051936
394	https://globalgrid2050.com/testcode/202609151447/	Systems — a star for every real code block
395	https://ventusltd.github.io/gridatlas/atlas/v/202609062358/	Grid Atlas
396	https://globalgrid2050.com/testcode/202609051906/pipeline/	Test Code 202609051906 · GlobalGrid2050 | UK Renewables Pipeline V9.7
397	https://ventusltd.github.io/testcode/sandbox/202609060503/atlas/	Test Code Atlas 202609060503
398	https://globalgrid2050.com/homepage_versions/homepage_v098.html	GlobalGrid2050
399	https://globalgrid2050.com/testcode/202609051953/pipeline/	Test Code 202609051953 · GlobalGrid2050 | UK Renewables Pipeline V9.7
400	https://ventusltd.github.io/testcode/sandbox/202609060521/atlas/	Test Code Atlas 202609060521
401	https://ventusltd.github.io/testcode/sandbox/202609051953/	Test Code compute detector 202609051953
402	https://ventusltd.github.io/testcode/sandbox/202609051927/	Test Code compute detector 202609051927
403	https://globalgrid2050.com/homepage_versions/homepage_v113.html	GlobalGrid2050
404	https://ventusltd.github.io/pipelinenews/releases/202608262115-v8-candidate.html	GlobalGrid2050 | UK Renewables Pipeline V8 CANDIDATE
405	https://globalgrid2050.com/pipelinenews_intelligence/202608312244/	PipelineNews | Current verified Atlas V9 deep-link successor 202608300309
406	https://globalgrid2050.com/testcode/202609141522/	GLOBALGRID2050 · Spider universe, ten versions
407	https://ventusltd.github.io/testcode/sandbox/202609060432/cable/	Cable Geometry Visualiser v1.6.0
408	https://globalgrid2050.com/testcode/202609052008/pipeline/	Test Code 202609052008 · GlobalGrid2050 | UK Renewables Pipeline V9.7
409	https://globalgrid2050.com/homepage_versions/homepage_v092.html	GlobalGrid2050
410	https://ventusltd.github.io/pipelinenews/releases/202608271524-v8-fast-candidate.html	GlobalGrid2050 | UK Renewables Pipeline LIVE NEWS DISCOVERY + CHRONOLOGY + ATLAS V8 DEEP-L
411	https://ventusltd.github.io/galaxies-wafers/iterations/11-the-bond/	The Bond — inspect the evidence behind a layer
412	https://ventusltd.github.io/testcode/sandbox/202609051820/	Test Code compute detector 202609051820
413	https://globalgrid2050.com/uk_renewables_pipeline/202609061004/	GlobalGrid2050 | UK Renewables Pipeline 202609051156
414	https://ventusltd.github.io/testcode/sandbox/202609051936/pipeline/	Test Code 202609051936 · GlobalGrid2050 | UK Renewables Pipeline V9.7
415	https://globalgrid2050.com/testcode/202609051847/pipeline/	Test Code 202609051847 · GlobalGrid2050 | UK Renewables Pipeline V9.7
416	https://ventusltd.github.io/testcode/sandbox/202609060459/atlas/	Test Code Atlas 202609060459
417	https://ventusltd.github.io/testcode/sandbox/202609060325/atlas/	Test Code Atlas 202609060325
418	https://ventusltd.github.io/testcode/sandbox/202609051817/pipeline/	Test Code 202609051817 · GlobalGrid2050 | UK Renewables Pipeline V9.7
419	https://globalgrid2050.com/data/grid_studies_public/iberian_blackout_2025.html	Iberian Blackout 2025 | GlobalGrid2050
420	https://globalgrid2050.com/pipelinenews_intelligence/202609032159/	PipelineNews | Current verified Atlas V9 deep-link successor 202608300309
421	https://globalgrid2050.com/pipelinenews_intelligence/202609032251/	PipelineNews | Current verified Atlas V9 deep-link successor 202608300309
422	https://ventusltd.github.io/testcode/sandbox/202609060537/atlas/	Test Code Atlas 202609060537
423	https://globalgrid2050.com/testcode/202609060503/atlas/	Test Code Atlas 202609060503
424	https://ventusltd.github.io/testcode/sandbox/202609051847/	Test Code compute detector 202609051847
425	https://ventusltd.github.io/galaxies-wafers/iterations/47-federation-honesty/	Is Green Earned?
426	https://ventusltd.github.io/solar-electrical-topology-analysis-engine-text-based/v8-leapfrog/inverter24.html	V8 Leapfrog · 24-String Inverter Cartridge
427	https://ventusltd.github.io/gb-electricity-ui/uk_energy_tracking_v6/generation_history/monolith-reference.html	Monolith Reference · Generation History
428	https://globalgrid2050.com/pipelinenews_intelligence/202608312212/	PipelineNews | Current verified Atlas V9 deep-link successor 202608300309
429	https://ventusltd.github.io/testcode/sandbox/202609051948/	Test Code compute detector 202609051948
430	https://ventusltd.github.io/spiders/site_versions/root_index/v20260704/	Ventus Spiders
431	https://globalgrid2050.com/testcode/202609060208/	Pipeline Intelligence | BBC RSS
432	https://ventusltd.github.io/testcode/sandbox/202609051850/	Test Code compute detector 202609051850
433	https://ventusltd.github.io/testcode/sandbox/202609060354/atlas/	Test Code Atlas 202609060354
434	https://ventusltd.github.io/galaxies-wafers/iterations/07-code-card/	The Line Wafer — every numbered line of the estate, on one surface
435	https://globalgrid2050.com/testcode/202609060537/atlas/	Test Code Atlas 202609060537
436	https://globalgrid2050.com/papers/202609060045-published-fault-level/	Published, dated, never calculated — fault levels on an open grid map
437	https://ventusltd.github.io/testcode/sandbox/202609051901/	Test Code compute detector 202609051901
438	https://globalgrid2050.com/testcode/202609051608/pipeline/	Test Code 202609051608 · GlobalGrid2050 | UK Renewables Pipeline V9.7
439	https://ventusltd.github.io/solar-electrical-topology-analysis-engine-text-based/v10-development/geometry-workbench.html	V10 Geometry Workbench · V7 Overview / V8 Detail
440	https://ventusltd.github.io/gridatlas/atlas/world/	GridAtlas World
441	https://ventusltd.github.io/testcode/sandbox/202609060504/atlas/	Test Code Atlas 202609060504
442	https://ventusltd.github.io/testcode/table/20260914T144622Z-block-page-rnd/	Periodic table of globalgrid2050 architecture development
443	https://ventusltd.github.io/testcode/sandbox/202609051300/pipeline/	Test Code 202609051300 · GlobalGrid2050 | UK Renewables Pipeline V9.7
444	https://ventusltd.github.io/pipelinenews/releases/202608271329-v8-fast-candidate.html	GlobalGrid2050 | UK Renewables Pipeline LIVE NEWS DISCOVERY + ATLAS V8 DEEP-LINK CANDIDATE
445	https://ventusltd.github.io/galaxies-wafers/iterations/14-electrical-hops/	Count the hops · Topology lab
446	https://globalgrid2050.com/solar-bess-topology-v3/module-layout-v3.html	Module Layout V3 | GlobalGrid2050
447	https://ventusltd.github.io/galaxies-wafers/iterations/03-code-particle/	Code Particle — tap a line, read its code
448	https://globalgrid2050.com/homepage_versions/homepage_v047.html	GlobalGrid2050
449	https://globalgrid2050.com/pipelinenews_intelligence/202609040144/	PipelineNews | Current verified Atlas V9 deep-link successor 202608300309
450	https://globalgrid2050.com/pipelinenews_intelligence/202609050200/	PipelineNews | Current verified Atlas V9 deep-link successor 202608300309
451	https://globalgrid2050.com/testcode/202609151428/	The Atlas — 7,680 real projects, and the gap
452	https://ventusltd.github.io/gridatlas/atlas/releases/202608300453-atlas-v9/	GlobalGrid2050 | UK Region v8 (Experimental)
453	https://ventusltd.github.io/galaxies-wafers/iterations/33-engines-as-tools/	Engines as Tools — the 400kV engine's drawing logic, applied to any layer
454	https://ventusltd.github.io/galaxies-wafers/iterations/42-counts-that-say-themselves/	Counts That Say Themselves
455	https://ventusltd.github.io/testcode/sandbox/202609051300/	Test Code · 202609051300
456	https://ventusltd.github.io/testcode/sandbox/202609051844/pipeline/	Test Code 202609051844 · GlobalGrid2050 | UK Renewables Pipeline V9.7
457	https://globalgrid2050.com/homepage_versions/homepage_v110.html	GlobalGrid2050
458	https://globalgrid2050.com/testcode/202609051945/pipeline/	Test Code 202609051945 · GlobalGrid2050 | UK Renewables Pipeline V9.7
459	https://globalgrid2050.com/pipelinenews_intelligence/202609032329/	PipelineNews | Current verified Atlas V9 deep-link successor 202608300309
460	https://globalgrid2050.com/homepage_versions/homepage_v116.html	GlobalGrid2050
461	https://ventusltd.github.io/testcode/sandbox/202609051214/pipeline/	Test Code 202609051214 · GlobalGrid2050 | UK Renewables Pipeline V9.7
462	https://ventusltd.github.io/testcode/sandbox/202609051945/	Test Code compute detector 202609051945
463	https://globalgrid2050.com/testcode/202609151413/	Ten Laws — one estate under ten physics
464	https://globalgrid2050.com/testcode/202609060206/	Pipeline Intelligence | BBC RSS
465	https://globalgrid2050.com/homepage_versions/homepage_v051.html	GlobalGrid2050
466	https://ventusltd.github.io/gridatlas/atlas/v/202609070857/	Grid Atlas
467	https://globalgrid2050.com/employers_competence/quality_assurance/	Engineering Quality Assurance and Independent Supervision | GlobalGrid2050
468	https://ventusltd.github.io/galaxies-wafers/iterations/12-visibility-lab/	Layer visibility · Code geometry
469	https://globalgrid2050.com/homepage_versions/homepage_v097.html	GlobalGrid2050
470	https://ventusltd.github.io/testcode/sandbox/202609051457/	Test Code compute detector 202609051457
471	https://ventusltd.github.io/testcode/sandbox/202609051940/	Test Code compute detector 202609051940
472	https://ventusltd.github.io/testcode/sandbox/202609051905/pipeline/	Test Code 202609051905 · GlobalGrid2050 | UK Renewables Pipeline V9.7
473	https://globalgrid2050.com/homepage_versions/homepage_v099.html	GlobalGrid2050
474	https://ventusltd.github.io/galaxies-wafers/iterations/43-registry-growth/	How the Estate Grew
475	https://globalgrid2050.com/testcode/202609151339/proof/	Proofs — The Line Wafer
476	https://globalgrid2050.com/solar-bess-topology-v4/indexforgis-sld-v4.html	GIS SLD Financial Sandbox V4
477	https://globalgrid2050.com/homepage_versions/homepage_v107.html	GlobalGrid2050
478	https://ventusltd.github.io/testcode/sandbox/202609051820/pipeline/	Test Code 202609051820 · GlobalGrid2050 | UK Renewables Pipeline V9.7
479	https://globalgrid2050.com/homepage_versions/homepage_v054.html	GlobalGrid2050
480	https://ventusltd.github.io/testcode/sandbox/202609051623/pipeline/	Test Code 202609051623 · GlobalGrid2050 | UK Renewables Pipeline V9.7
481	https://globalgrid2050.com/homepage_versions/homepage_v102.html	GlobalGrid2050
482	https://ventusltd.github.io/testcode/sandbox/202609051945/pipeline/	Test Code 202609051945 · GlobalGrid2050 | UK Renewables Pipeline V9.7
483	https://globalgrid2050.com/homepage_versions/202608291526-globalgrid2050/	GlobalGrid2050
484	https://ventusltd.github.io/gridatlas/tools/scope/payloads/atlas-loader.html	Grid Atlas
485	https://globalgrid2050.com/testcode/202609051848/pipeline/	Test Code 202609051848 · GlobalGrid2050 | UK Renewables Pipeline V9.7
486	https://ventusltd.github.io/galaxies-wafers/iterations/15-price-spread/	Price is not profit · Spread lab
487	https://ventusltd.github.io/testcode/sandbox/202609051608/	Test Code compute detector 202609051608
488	https://globalgrid2050.com/pipelinenews_intelligence/202608311610/	PipelineNews | Current verified Atlas V9 deep-link successor 202608300309
489	https://globalgrid2050.com/testcode/202609052020/pipeline/	Test Code 202609052020 · GlobalGrid2050 | UK Renewables Pipeline V9.7
490	https://globalgrid2050.com/pipelinenews_intelligence/202608311816/	PipelineNews | Current verified Atlas V9 deep-link successor 202608300309
