# unix	repositories	missed	files	lines_standing
1789826757	59	0	41551	46225159
1789850881	63	0	41822	46356808
1789880388	64	0	42347	46610312
1789903983	64	0	42410	46612488
1789920826	65	0	42465	46613622
1789937668	65	0	43428	47867047
1789967098	66	0	44254	48165006
1789995478	66	0	44563	48495911
1790028198	67	0	44981	49252777
1790053576	67	0	45094	49263167
1790065973	67	0	45175	49273165
1790077617	67	0	45186	49274532
1790096538	67	0	45189	49274592
1790112356	67	0	45192	49274649
1790139147	67	0	45195	49274740
1790164005	67	0	45198	49274804
1790183435	67	0	45201	49274863
1790199301	67	0	45204	49274922
1790225982	67	0	45207	49275029
1790250930	67	0	45210	49275098
1790270282	67	0	45286	49297941
1790285773	67	0	45321	49298908
1790312708	68	0	45636	49316518
1790337475	68	0	45717	49320615
1790356700	70	0	45804	49323229
1790372432	70	0	45849	49325228
1790399236	70	0	45932	49326592
1790422323	70	0	45985	49327574
1790440210	70	0	45990	49327627
1790457410	71	0	46068	49333499
1790463532	71	0	46135	49343878
1790486737	71	0	62596	49775401
1790511033	71	0	63565	49838529
1790528580	74	0	65490	49965295
1790544393	76	0	66540	50050900
1790573534	77	0	67055	50172968
1790604424	77	0	67712	50325569
1790637713	77	0	67879	50355354
1790661045	77	0	67882	50355349
1790686920	77	0	67895	50356215
1790720552	77	0	67918	50356713
1790746831	77	0	67921	50356807
1790772266	77	0	67924	50356873
1790806961	77	0	67930	50356993
1790834706	77	0	67933	50356999
1790861290	77	0	67936	50357171
1790894797	77	0	67939	50357244
1790920115	77	0	67942	50357288
1790945173	77	0	67945	50357354
1790979606	77	0	67948	50357425
1791005125	77	0	67955	50358405
1791027985	77	0	67958	50359192
1791044891	77	0	67961	50359258
1791062643	77	0	67964	50359321
1791093766	77	0	67970	50359586
1791116985	77	0	67970	50359604
1791149750	78	0	68067	50363316
1791179445	78	0	68326	50439812
1791211899	78	0	68338	50440329
1791245311	78	0	68345	50440772
1791268189	78	0	68345	50440804
1791311303	78	0	68351	50440923
